First Name,Last Name,Email,Phone,City,Company,Lead Source,Status,Created Date,,,,,,,
David,Peretz  ,david.peretz@walla.co.il,0534576485,Petah Tikva,Acme Ltd,Referral,ACTIVE,2.2.2025,,,,,לפני ניקוי ,אחרי ניקוי ,כפילויות שהוסרו
Eli,Avraham,eli.avraham@gmail.com,0593043299,Ramat Gan,,website,ACTIVE,22.8.2025,,,,,977,888,89
David,Amar,damar@yahoo.com,0596097514,Haifa,Sela Group,Social Media,IN PROGRESS,28.5.2025,,,,,,,
Nir,Azoulay,nazoulay@outlook.com,0534100967,Jerusalem,StartUp Co.,website,ACTIVE,15.6.2025,,,,,,,
Hila,Katz,hila.katz@yahoo.com,0,Beer Sheva,Nexus Israel,,ACTIVE,27.7.2025,,,,,,,
Yossi,Levi,yossilevi@gmail.com,0599488317,Netanya,,website,ACTIVE,26.2.2025,,,,,,,
David,Azoulay,,08548398,Haifa,TechCo,,ACTIVE,28.9.2025,,,,,,,
Noa,Marom,noa.marom@walla.co.il,0,Beer Sheva,Delta Systems,website,ACTIVE,22.9.2025,,,,,,,
Adi,Amar,adi.amar@walla.co.il,02556334,Haifa,Acme Ltd,Website,ACTIVE,19.9.2025,,,,,,,
Dana,Sasson,danasasson@gmail.com,05172212,Herzliya,Acme Ltd.,REFERRAL,IN PROGRESS,3.5.2025,,,,,,,
Yael,Elbaz,yael.elbaz@gmail.com,0598418454,Holon,N/A,Cold Call,ACTIVE,6.4.2025,,,,,,,
Moshe,Gabai,moshegabai@hotmail.com,0549368933,Haifa,Sela Group,Social Media,ACTIVE,23.3.2025,,,,,,,
Noa,Cohen,ncohen@gmail.com,04284999,Petah Tikva,Sela Group,Event,ACTIVE,5.10.2025,,,,,,,
Itai,Azoulay,itaiazoulay@gmail.com,0538756565,Tel Aviv,Nexus Israel,Website,CLOSED,4.8.2025,,,,,,,
Tal,Katz,talkatz@walla.co.il,0537909008,Herzliya,N/A,Social Media,ACTIVE,23.9.2025,,,,,,,
Eli,Levi,elevi@gmail.com,0566334726,Jerusalem,Acme Ltd.,website,ACTIVE,11.10.2025,,,,,,,
Tamar,Shapiro,tshapiro@gmail.com,0562777454,Petah Tikva,Acme Ltd.,Social Media,ACTIVE,19.11.2025,,,,,,,
Moshe,Sasson,msasson@yahoo.com,01105007,Haifa,Globex Inc,Referral,INACTIVE,6.4.2025,,,,,,,
Yossi,Gabai,ygabai@walla.co.il,0572477088,Tel Aviv,N/A,Website,INACTIVE,25.6.2025,,,,,,,
Amit,Ben-David,amitben-david@walla.co.il,0586998844,Rishon Lezion,Acme Ltd.,Referral,ACTIVE,20.3.2025,,,,,,,
Amit,Levi,amitlevi@hotmail.com,0549673929,Petah Tikva,Sela Group,Website,ACTIVE,2.8.2025,,,,,,,
Moshe,Avraham,mosheavraham@hotmail.com,0534616607,Beer Sheva,,Social Media,ACTIVE,12.4.2025,,,,,,,
Noa,Elbaz,nelbaz@yahoo.com,06437514,Haifa,StartUp Co.,Website,ACTIVE,19.4.2025,,,,,,,
Roni,Levi,ronilevi@yahoo.com,0513874628,Tel Aviv,Globex Inc,website,ACTIVE,9.10.2025,,,,,,,
Omer,Dahan,omer.dahan@walla.co.il,0,Ramat Gan,StartUp Co.,Cold Call,IN PROGRESS,9.10.2025,,,,,,,
Roni,Gabai,roni.gabai@gmail.com,0564560421,Netanya,Sela Group,REFERRAL,INACTIVE,22.10.2025,,,,,,,
Yosef,Friedman,yosef.friedman@walla.co.il,06511395,Haifa,Delta Systems,website,ACTIVE,4.3.2025,,,,,,,
Maya,Dahan,maya.dahan@walla.co.il,0517793402,Ramat Gan,TechCo,,ACTIVE,13.8.2025,,,,,,,
Roni,Ben-David,RONI.BEN-DAVID@GMAIL.COM,0543234973,Rishon Lezion,Nexus Israel,Website,ACTIVE,26.5.2025,,,,,,,
Uri,Levi,uri.levi@walla.co.il,0,,N/A,Referral,ACTIVE,18.12.2025,,,,,,,
Dana,Sasson,dsasson@walla.co.il,0576682181,Herzliya,Sela Group,REFERRAL,INACTIVE,11.2.2025,,,,,,,
Ron,Elbaz,ron.elbaz@yahoo.com,0588831655,Jerusalem,TechCo,Referral,INACTIVE,14.2.2025,,,,,,,
Adi,Avraham,adi.avraham@gmail.com,0572834486,Ramat Gan,StartUp Co.,,ACTIVE,12.10.2025,,,,,,,
Ron,Marom,ronmarom@gmail.com,01886598,Ramat Gan,Sela Group,Referral,IN PROGRESS,15.3.2025,,,,,,,
Shani,Marom,SHANIMAROM@WALLA.CO.IL,0557572213,Ramat Gan,StartUp Co.,website,CLOSED,10.6.2025,,,,,,,
Shira,Peretz,speretz@hotmail.com,05909495,Ramat Gan,Acme Ltd,REFERRAL,ACTIVE,23.7.2025,,,,,,,
Amit,Katz,akatz@hotmail.com,0574452490,Netanya,,website,ACTIVE,28.5.2025,,,,,,,
Tamar,Mizrahi,tamar.mizrahi@walla.co.il,0584664401,Beer Sheva,,Referral,CLOSED,6.2.2025,,,,,,,
Itai,Avraham,ITAIAVRAHAM@YAHOO.COM,0507625504,Herzliya,,website,ACTIVE,2.11.2025,,,,,,,
Guy,Shapiro,guyshapiro@gmail.com,0533367504,Netanya,Nexus Israel,Cold Call,ACTIVE,7.7.2025,,,,,,,
Maya,Avraham,mayaavraham@walla.co.il,0546037929,Haifa,N/A,REFERRAL,INACTIVE,16.11.2025,,,,,,,
Omer,Azoulay,oazoulay@walla.co.il,06081848,Netanya,Sela Group,Cold Call,IN PROGRESS,21.6.2025,,,,,,,
Yossi,Marom,ymarom@outlook.com,05541401,Rishon Lezion,Delta Systems,website,CLOSED,10.11.2025,,,,,,,
Roni,Sasson  ,roni.sasson@yahoo.com,0531026523,Haifa,Acme Ltd.,Website,IN PROGRESS,12.6.2025,,,,,,,
Tal,Marom,tal.marom@outlook.com,0592746679,Netanya,TechCo,Referral,ACTIVE,22.12.2025,,,,,,,
Avi,Malka,avi.malka@walla.co.il,0579031829,Haifa,Delta Systems,Cold Call,ACTIVE,16.2.2025,,,,,,,
Dor,Toledano,dortoledano@gmail.com,0,Ramat Gan,Nexus Israel,REFERRAL,ACTIVE,8.1.2025,,,,,,,
Hila,Amar,hilaamar@outlook.com,0545252527,Netanya,Acme Ltd,Cold Call,ACTIVE,17.4.2025,,,,,,,
Shira,Cohen,shira.cohen@gmail.com,03748989,Rishon Lezion,Globex Inc,Cold Call,ACTIVE,28.2.2025,,,,,,,
Yosef,Avraham,yavraham@hotmail.com,0572973853,Jerusalem,Delta Systems,REFERRAL,ACTIVE,5.5.2025,,,,,,,
Shani,Levi,shanilevi@yahoo.com,05884260,Petah Tikva,Acme Ltd.,website,ACTIVE,2.10.2025,,,,,,,
Dor,Ben-David,dor.ben-david@walla.co.il,0529432459,Jerusalem,TechCo,Event,ACTIVE,28.5.2025,,,,,,,
David,Katz,dkatz@gmail.com,0,Tel Aviv,Acme Ltd.,Event,ACTIVE,4.7.2025,,,,,,,
Gal,Katz,GALKATZ@GMAIL.COM,0572647814,Jerusalem,StartUp Co.,,CLOSED,16.12.2025,,,,,,,
Noa,Rosenberg,noa.rosenberg@walla.co.il,0538943827,Jerusalem,Acme Ltd.,Event,ACTIVE,5.10.2025,,,,,,,
Maya,Malka  ,mmalka@hotmail.com,0,Tel Aviv,StartUp Co.,Referral,CLOSED,28.6.2025,,,,,,,
Yael,Ben-David,yael.ben-david@walla.co.il,04660770,Beer Sheva,Nexus Israel,Website,ACTIVE,6.12.2025,,,,,,,
Hila,Levi,hila.levi@yahoo.com,0554674286,Holon,TechCo,Referral,ACTIVE,11.5.2025,,,,,,,
Amit,Levi,amit.levi@walla.co.il,0535514473,Jerusalem,Nexus Israel,website,ACTIVE,23.12.2025,,,,,,,
Amit,Amar,amitamar@gmail.com,03060906,Petah Tikva,Delta Systems,,CLOSED,7.11.2025,,,,,,,
Avi,Sasson,asasson@hotmail.com,08862460,Tel Aviv,N/A,Website,INACTIVE,9.4.2025,,,,,,,
Rachel,Shapiro,rachelshapiro@hotmail.com,0526396602,Haifa,N/A,Event,INACTIVE,9.8.2025,,,,,,,
Sarah,Gabai,sarahgabai@yahoo.com,0577204577,Rishon Lezion,StartUp Co.,Social Media,ACTIVE,8.10.2025,,,,,,,
Nir,Cohen,nir.cohen@gmail.com,0502524974,Jerusalem,N/A,Social Media,CLOSED,22.12.2025,,,,,,,
Ron,Malka,ronmalka@outlook.com,06447783,Ramat Gan,Globex Inc,Event,IN PROGRESS,19.7.2025,,,,,,,
Omer,Dahan,odahan@yahoo.com,0533244325,Jerusalem,StartUp Co.,website,IN PROGRESS,13.7.2025,,,,,,,
Amit,Gabai,amit.gabai@yahoo.com,0576851807,Beer Sheva,Acme Ltd.,,ACTIVE,5.12.2025,,,,,,,
Roni,Marom,ronimarom@yahoo.com,0507389943,Beer Sheva,TechCo,Website,ACTIVE,26.12.2025,,,,,,,
Amit,Peretz,aperetz@gmail.com,05000194,Petah Tikva,Acme Ltd,Website,CLOSED,2.6.2025,,,,,,,
Yosef,Malka,ymalka@walla.co.il,03611988,Holon,Nexus Israel,,ACTIVE,26.1.2025,,,,,,,
Shani,Elbaz,SELBAZ@GMAIL.COM,0543163099,Ramat Gan,,website,ACTIVE,24.8.2025,,,,,,,
Tamar,Biton,tamarbiton@yahoo.com,0,Rishon Lezion,Nexus Israel,Event,ACTIVE,7.3.2025,,,,,,,
Rachel,Elbaz,rachelelbaz@hotmail.com,0,Netanya,Globex Inc,Referral,ACTIVE,20.10.2025,,,,,,,
Moshe,Cohen,mcohen@gmail.com,0557971498,Holon,Sela Group,Social Media,ACTIVE,18.9.2025,,,,,,,
David,Friedman,dfriedman@yahoo.com,0585806431,Netanya,,Cold Call,ACTIVE,23.1.2025,,,,,,,
Rachel,Shapiro,,0556995607,Ramat Gan,,Referral,ACTIVE,6.6.2025,,,,,,,
Noa,Toledano,noa.toledano@gmail.com,0553739250,Beer Sheva,Globex Inc,REFERRAL,ACTIVE,15.6.2025,,,,,,,
Yosef,Marom,yosef.marom@yahoo.com,0512139083,Ramat Gan,,REFERRAL,ACTIVE,14.2.2025,,,,,,,
Sarah,Katz,sarahkatz@outlook.com,0586185007,Tel Aviv,Acme Ltd.,REFERRAL,CLOSED,23.9.2025,,,,,,,
Dor,Levi,dlevi@outlook.com,0507688954,Beer Sheva,Acme Ltd,Social Media,IN PROGRESS,12.5.2025,,,,,,,
Yossi,Peretz,yperetz@hotmail.com,0531952483,Beer Sheva,N/A,REFERRAL,ACTIVE,5.7.2025,,,,,,,
Maya,Marom,mayamarom@gmail.com,0594935518,Jerusalem,Acme Ltd,website,ACTIVE,5.1.2025,,,,,,,
Yael,Elbaz,yael.elbaz@hotmail.com,0587767679,Jerusalem,Sela Group,Website,ACTIVE,23.6.2025,,,,,,,
Sarah,Avraham,sarahavraham@gmail.com,0515319012,Haifa,N/A,,ACTIVE,24.9.2025,,,,,,,
Omer,Azoulay,omerazoulay@yahoo.com,0,Herzliya,Acme Ltd.,REFERRAL,ACTIVE,26.11.2025,,,,,,,
Dana,Peretz,danaperetz@gmail.com,08796055,Ramat Gan,TechCo,Social Media,IN PROGRESS,20.8.2025,,,,,,,
Itai,Dahan,itaidahan@yahoo.com,04945405,Haifa,TechCo,Cold Call,ACTIVE,28.1.2025,,,,,,,
Omer,Amar,omer.amar@yahoo.com,0538099541,Beer Sheva,,Social Media,ACTIVE,4.4.2025,,,,,,,
Maya,Gabai,maya.gabai@hotmail.com,0,Ramat Gan,Acme Ltd,Social Media,ACTIVE,26.7.2025,,,,,,,
Noa,Katz,noakatz@walla.co.il,0521455856,Herzliya,,,ACTIVE,2.2.2025,,,,,,,
Dor,Friedman,dor.friedman@walla.co.il,0564952758,Herzliya,TechCo,Website,IN PROGRESS,15.5.2025,,,,,,,
Tamar,Amar,tamaramar@hotmail.com,0,Rishon Lezion,,REFERRAL,ACTIVE,24.11.2025,,,,,,,
Liat,Elbaz,lelbaz@yahoo.com,0557213813,Herzliya,StartUp Co.,Website,ACTIVE,18.10.2025,,,,,,,
Gal,Levi,gal.levi@outlook.com,02707462,Herzliya,Globex Inc,,IN PROGRESS,28.4.2025,,,,,,,
Michal,Peretz,michal.peretz@yahoo.com,0,Tel Aviv,Nexus Israel,Referral,ACTIVE,21.9.2025,,,,,,,
Hila,Malka,hmalka@yahoo.com,05924249,Rishon Lezion,Delta Systems,Website,ACTIVE,14.1.2025,,,,,,,
Nir,Shapiro,nirshapiro@walla.co.il,07841267,Haifa,N/A,Social Media,ACTIVE,25.8.2025,,,,,,,
Tal,Avraham,talavraham@outlook.com,0,Haifa,TechCo,Referral,ACTIVE,7.3.2025,,,,,,,
Noa,Levi,noalevi@outlook.com,0558031349,Rishon Lezion,Globex Inc,Cold Call,INACTIVE,22.6.2025,,,,,,,
Rachel,Ben-David,rachel.ben-david@outlook.com,0565527300,Beer Sheva,Acme Ltd.,Event,CLOSED,9.11.2025,,,,,,,
Nir,Peretz,nir.peretz@yahoo.com,0553937508,Beer Sheva,Acme Ltd,Event,INACTIVE,11.1.2025,,,,,,,
Yael,Sasson,yael.sasson@outlook.com,0,Tel Aviv,Sela Group,Referral,ACTIVE,2.5.2025,,,,,,,
Itai,Azoulay,itai.azoulay@walla.co.il,0522946572,Ramat Gan,N/A,Cold Call,ACTIVE,27.2.2025,,,,,,,
Rachel,Biton,rachelbiton@yahoo.com,0514730545,,Acme Ltd.,Referral,ACTIVE,1.2.2025,,,,,,,
Eli,Toledano,etoledano@hotmail.com,09175545,Haifa,Globex Inc,REFERRAL,ACTIVE,21.7.2025,,,,,,,
David,Rosenberg,drosenberg@outlook.com,0,Herzliya,Acme Ltd,Cold Call,ACTIVE,16.11.2025,,,,,,,
Roni,Rosenberg,roni.rosenberg@gmail.com,03969619,Herzliya,TechCo,Cold Call,ACTIVE,8.10.2025,,,,,,,
Gal,Sasson,gal.sasson@gmail.com,0586622207,Jerusalem,N/A,Referral,ACTIVE,9.3.2025,,,,,,,
Avi,Amar,aviamar@gmail.com,0551234044,Ramat Gan,Acme Ltd.,Social Media,ACTIVE,9.3.2025,,,,,,,
Nir,Friedman,nirfriedman@gmail.com,0514975295,Holon,StartUp Co.,Event,ACTIVE,19.1.2025,,,,,,,
Hila,Gabai,hgabai@yahoo.com,0,Herzliya,Globex Inc,,ACTIVE,7.4.2025,,,,,,,
Amit,Gabai,agabai@outlook.com,0544231751,Netanya,Acme Ltd.,Website,IN PROGRESS,8.10.2025,,,,,,,
Gal,Gabai,ggabai@outlook.com,0519726383,Netanya,Delta Systems,Website,CLOSED,3.10.2025,,,,,,,
Roni,Amar,roni.amar@gmail.com,0565979410,Jerusalem,Delta Systems,Website,ACTIVE,19.7.2025,,,,,,,
Uri,Marom,urimarom@hotmail.com,0539576076,Haifa,,Event,INACTIVE,5.4.2025,,,,,,,
Avi,Biton,avibiton@walla.co.il,0565222548,Tel Aviv,N/A,website,ACTIVE,3.10.2025,,,,,,,
Michal,Peretz,michal.peretz@outlook.com,01393855,Netanya,,Social Media,IN PROGRESS,10.6.2025,,,,,,,
Tal,Gabai,TGABAI@YAHOO.COM,0555746166,Rishon Lezion,,website,IN PROGRESS,28.12.2025,,,,,,,
Uri,Malka,uri.malka@gmail.com,0595306386,Petah Tikva,N/A,REFERRAL,ACTIVE,12.6.2025,,,,,,,
David,Biton,dbiton@outlook.com,0509278176,Tel Aviv,Nexus Israel,,ACTIVE,9.1.2025,,,,,,,
Maya,Rosenberg,,0512605305,Haifa,,Referral,INACTIVE,8.1.2025,,,,,,,
Shira,Levi,shira.levi@yahoo.com,0,Tel Aviv,,Event,ACTIVE,12.7.2025,,,,,,,
Gal,Elbaz,gelbaz@yahoo.com,0575592340,Netanya,Delta Systems,Cold Call,ACTIVE,27.7.2025,,,,,,,
Omer,Shapiro,omer.shapiro@hotmail.com,0592375290,Tel Aviv,Nexus Israel,,ACTIVE,7.10.2025,,,,,,,
Yossi,Malka,ymalka@gmail.com,0574918463,Ramat Gan,,Event,IN PROGRESS,5.12.2025,,,,,,,
Roni,Elbaz,relbaz@gmail.com,0558358269,Beer Sheva,N/A,Website,CLOSED,17.10.2025,,,,,,,
Moshe,Azoulay,,08573826,Haifa,,Event,ACTIVE,14.2.2025,,,,,,,
Eli,Dahan,edahan@yahoo.com,0572744594,Holon,Nexus Israel,Cold Call,ACTIVE,22.10.2025,,,,,,,
David,Toledano  ,david.toledano@walla.co.il,0521643739,Beer Sheva,,Social Media,IN PROGRESS,12.2.2025,,,,,,,
Maya,Malka,mmalka@hotmail.com,0546242022,Tel Aviv,StartUp Co.,Referral,CLOSED,28.6.2025,,,,,,,
Itai,Rosenberg,irosenberg@outlook.com,0554161264,Jerusalem,Nexus Israel,Cold Call,ACTIVE,12.2.2025,,,,,,,
Dana,Mizrahi,dmizrahi@walla.co.il,0507864541,Herzliya,,Referral,INACTIVE,7.6.2025,,,,,,,
Dana,Rosenberg,dana.rosenberg@yahoo.com,02217783,Haifa,Globex Inc,Website,ACTIVE,23.6.2025,,,,,,,
Rachel,Toledano,rtoledano@gmail.com,0512034784,,Delta Systems,Event,INACTIVE,21.10.2025,,,,,,,
Maya,Marom,mmarom@yahoo.com,0572407748,,Delta Systems,,INACTIVE,15.9.2025,,,,,,,
Yossi,Peretz,yossi.peretz@walla.co.il,0539524399,Rishon Lezion,N/A,Cold Call,ACTIVE,15.2.2025,,,,,,,
Tal,Toledano,tal.toledano@gmail.com,0554129876,Ramat Gan,,Website,IN PROGRESS,3.5.2025,,,,,,,
Dor,Sasson,dor.sasson@yahoo.com,0,Haifa,Sela Group,Cold Call,ACTIVE,21.2.2025,,,,,,,
Hila,Dahan,hdahan@walla.co.il,05121221,Holon,Globex Inc,Referral,ACTIVE,1.2.2025,,,,,,,
Noa,Amar,noaamar@outlook.com,0589164991,Ramat Gan,Acme Ltd,Website,ACTIVE,16.10.2025,,,,,,,
Tal,Toledano,taltoledano@hotmail.com,0567458368,Beer Sheva,TechCo,Cold Call,CLOSED,25.12.2025,,,,,,,
Gal,Avraham,,0528235234,Holon,Sela Group,Website,ACTIVE,5.8.2025,,,,,,,
Shira,Avraham,savraham@yahoo.com,0579821818,Jerusalem,Globex Inc,Social Media,CLOSED,2.11.2025,,,,,,,
Yossi,Cohen,ycohen@walla.co.il,02647624,Tel Aviv,,REFERRAL,ACTIVE,13.6.2025,,,,,,,
Gal,Dahan,gal.dahan@yahoo.com,05163839,Petah Tikva,TechCo,,ACTIVE,23.10.2025,,,,,,,
Uri,Azoulay,uri.azoulay@gmail.com,0593070908,Beer Sheva,N/A,website,ACTIVE,22.9.2025,,,,,,,
Noa,Marom,noa.marom@outlook.com,0563899223,Holon,,Social Media,INACTIVE,18.7.2025,,,,,,,
Liat,Gabai,liatgabai@gmail.com,0583763247,Ramat Gan,,Referral,ACTIVE,16.2.2025,,,,,,,
Shani,Malka,shani.malka@gmail.com,0579523059,Tel Aviv,Acme Ltd,Event,ACTIVE,7.12.2025,,,,,,,
Uri,Gabai,urigabai@gmail.com,05596363,Ramat Gan,TechCo,Website,ACTIVE,21.7.2025,,,,,,,
Ron,Dahan,RONDAHAN@WALLA.CO.IL,0553384080,Petah Tikva,Globex Inc,Website,ACTIVE,20.4.2025,,,,,,,
Nir,Peretz,nir.peretz@gmail.com,0512458591,Rishon Lezion,Delta Systems,,INACTIVE,15.4.2025,,,,,,,
Yossi,Toledano,ytoledano@outlook.com,0591226185,,N/A,Referral,IN PROGRESS,4.8.2025,,,,,,,
Adi,Peretz,adiperetz@outlook.com,0562376119,Petah Tikva,Nexus Israel,Social Media,ACTIVE,18.11.2025,,,,,,,
Adi,Marom,adimarom@yahoo.com,0539950391,Petah Tikva,Sela Group,Social Media,ACTIVE,8.4.2025,,,,,,,
Sarah,Sasson,SARAHSASSON@YAHOO.COM,0516031885,Herzliya,Acme Ltd,Cold Call,ACTIVE,27.3.2025,,,,,,,
Liat,Amar,liat.amar@gmail.com,0542693039,Jerusalem,,,ACTIVE,12.12.2025,,,,,,,
Omer,Peretz,omer.peretz@gmail.com,01154416,Ramat Gan,Delta Systems,REFERRAL,ACTIVE,12.10.2025,,,,,,,
Shira,Malka,smalka@walla.co.il,0583895066,Herzliya,,website,ACTIVE,5.4.2025,,,,,,,
David,Azoulay,dazoulay@gmail.com,03441119,Haifa,Delta Systems,Referral,INACTIVE,27.2.2025,,,,,,,
Dana,Friedman,dfriedman@outlook.com,0529087068,,Globex Inc,,ACTIVE,11.12.2025,,,,,,,
Guy,Gabai,guygabai@gmail.com,08144678,Jerusalem,Globex Inc,REFERRAL,ACTIVE,28.4.2025,,,,,,,
Sarah,Levi,sarahlevi@outlook.com,0579993490,Holon,StartUp Co.,,ACTIVE,22.3.2025,,,,,,,
Itai,Shapiro,itai.shapiro@gmail.com,0525442007,Haifa,TechCo,Website,ACTIVE,23.11.2025,,,,,,,
David,Peretz,davidperetz@hotmail.com,0597653688,Netanya,TechCo,,INACTIVE,22.10.2025,,,,,,,
Amit,Toledano  ,,0562709243,Haifa,StartUp Co.,Referral,ACTIVE,12.10.2025,,,,,,,
Michal,Katz,MICHAL.KATZ@WALLA.CO.IL,0533276507,Petah Tikva,Delta Systems,,ACTIVE,2.11.2025,,,,,,,
Dor,Biton,dorbiton@hotmail.com,0525579824,Netanya,Delta Systems,,ACTIVE,11.8.2025,,,,,,,
Amit,Marom,amit.marom@yahoo.com,02626251,Ramat Gan,Globex Inc,website,CLOSED,16.7.2025,,,,,,,
Dana,Marom,dmarom@yahoo.com,0512507974,Ramat Gan,Acme Ltd,,ACTIVE,16.3.2025,,,,,,,
Shani,Peretz,speretz@hotmail.com,0533705263,Haifa,,Cold Call,ACTIVE,6.1.2025,,,,,,,
Moshe,Gabai,moshe.gabai@outlook.com,04485113,Ramat Gan,Globex Inc,Website,IN PROGRESS,21.7.2025,,,,,,,
Shira,Katz,skatz@outlook.com,0596734129,Netanya,Acme Ltd,Event,ACTIVE,12.8.2025,,,,,,,
Eli,Avraham,eavraham@walla.co.il,0554296204,Herzliya,Acme Ltd.,website,ACTIVE,9.9.2025,,,,,,,
Avi,Gabai,avi.gabai@hotmail.com,0551397267,Holon,,Referral,CLOSED,8.2.2025,,,,,,,
Uri,Mizrahi,urimizrahi@outlook.com,0,Ramat Gan,TechCo,Social Media,ACTIVE,1.8.2025,,,,,,,
Gal,Shapiro,gshapiro@gmail.com,04846677,Netanya,StartUp Co.,Event,IN PROGRESS,2.1.2025,,,,,,,
Michal,Cohen,mcohen@walla.co.il,08592725,Tel Aviv,,REFERRAL,CLOSED,1.8.2025,,,,,,,
Yossi,Shapiro,yossishapiro@gmail.com,08949398,Holon,TechCo,,IN PROGRESS,2.4.2025,,,,,,,
Rachel,Biton,rbiton@outlook.com,03905483,Haifa,N/A,Social Media,ACTIVE,2.10.2025,,,,,,,
Roni,Sasson,roni.sasson@yahoo.com,0531026523,Haifa,Acme Ltd.,Website,IN PROGRESS,12.6.2025,,,,,,,
Tal,Rosenberg,trosenberg@outlook.com,0547043474,Herzliya,N/A,Social Media,ACTIVE,18.10.2025,,,,,,,
Dor,Avraham,dor.avraham@outlook.com,06774938,Beer Sheva,Nexus Israel,Referral,INACTIVE,14.12.2025,,,,,,,
Tal,Biton,,02979745,Rishon Lezion,,Referral,ACTIVE,15.8.2025,,,,,,,
Dor,Amar,dor.amar@yahoo.com,0512495511,Netanya,Nexus Israel,Website,IN PROGRESS,2.5.2025,,,,,,,
Yossi,Levi,,0594262081,Haifa,StartUp Co.,Cold Call,IN PROGRESS,17.12.2025,,,,,,,
Sarah,Biton,sarahbiton@outlook.com,0588691004,Holon,Acme Ltd.,Referral,ACTIVE,21.6.2025,,,,,,,
Dor,Marom,dor.marom@walla.co.il,0519734558,Tel Aviv,,Referral,CLOSED,24.9.2025,,,,,,,
Tamar,Cohen  ,tcohen@outlook.com,0552501223,Netanya,,Referral,ACTIVE,16.3.2025,,,,,,,
Omer,Avraham,omer.avraham@hotmail.com,0593067274,Rishon Lezion,Nexus Israel,Social Media,IN PROGRESS,25.9.2025,,,,,,,
Shira,Sasson,ssasson@walla.co.il,0541381431,Jerusalem,Sela Group,Event,INACTIVE,5.2.2025,,,,,,,
Ron,Amar,ron.amar@yahoo.com,0,Petah Tikva,TechCo,REFERRAL,ACTIVE,2.11.2025,,,,,,,
Amit,Avraham,aavraham@gmail.com,0529535334,Jerusalem,Globex Inc,Event,ACTIVE,7.8.2025,,,,,,,
Hila,Malka,hmalka@yahoo.com,0533997984,Herzliya,Globex Inc,Social Media,IN PROGRESS,16.1.2025,,,,,,,
Shira,Gabai  ,sgabai@hotmail.com,0553524629,,TechCo,REFERRAL,ACTIVE,15.8.2025,,,,,,,
David,Dahan,ddahan@outlook.com,0501666934,Netanya,N/A,website,ACTIVE,17.4.2025,,,,,,,
Shira,Ben-David,sben-david@walla.co.il,08350239,Holon,TechCo,Social Media,ACTIVE,4.8.2025,,,,,,,
Roni,Katz,roni.katz@yahoo.com,0,Holon,StartUp Co.,Cold Call,ACTIVE,7.7.2025,,,,,,,
Liat,Toledano,LIAT.TOLEDANO@WALLA.CO.IL,0546143043,Tel Aviv,Acme Ltd.,,CLOSED,12.6.2025,,,,,,,
Nir,Mizrahi,nmizrahi@walla.co.il,0579712929,Tel Aviv,Sela Group,Event,ACTIVE,4.9.2025,,,,,,,
Eli,Amar,eliamar@walla.co.il,0565668371,Netanya,Globex Inc,Website,INACTIVE,8.1.2025,,,,,,,
Nir,Elbaz,nelbaz@gmail.com,04479464,Ramat Gan,,Event,INACTIVE,9.8.2025,,,,,,,
Tal,Peretz,tal.peretz@outlook.com,0571576165,Tel Aviv,Nexus Israel,Website,ACTIVE,15.9.2025,,,,,,,
Tamar,Levi,tamarlevi@outlook.com,0,Tel Aviv,,,ACTIVE,17.1.2025,,,,,,,
Avi,Katz,avikatz@outlook.com,08357097,Ramat Gan,Acme Ltd,REFERRAL,IN PROGRESS,7.12.2025,,,,,,,
Liat,Marom,liatmarom@hotmail.com,0584936902,Haifa,,Cold Call,ACTIVE,3.1.2025,,,,,,,
Roni,Dahan,rdahan@yahoo.com,0585215097,Rishon Lezion,Acme Ltd,REFERRAL,CLOSED,6.7.2025,,,,,,,
Yossi,Toledano,ytoledano@walla.co.il,04383069,Jerusalem,N/A,Website,INACTIVE,15.3.2025,,,,,,,
Michal,Rosenberg,michal.rosenberg@walla.co.il,0502402399,Petah Tikva,Nexus Israel,Website,ACTIVE,12.11.2025,,,,,,,
Yael,Shapiro,yael.shapiro@hotmail.com,0,Tel Aviv,StartUp Co.,Referral,ACTIVE,24.1.2025,,,,,,,
Ron,Toledano,rtoledano@walla.co.il,04782188,Netanya,Nexus Israel,Website,ACTIVE,5.3.2025,,,,,,,
Liat,Toledano,ltoledano@gmail.com,0537890994,Tel Aviv,TechCo,Event,CLOSED,7.12.2025,,,,,,,
Shani,Cohen  ,scohen@hotmail.com,0515558082,Beer Sheva,TechCo,website,ACTIVE,22.12.2025,,,,,,,
Noa,Shapiro,nshapiro@walla.co.il,0549105487,Beer Sheva,Sela Group,Social Media,ACTIVE,12.1.2025,,,,,,,
Shani,Peretz,shaniperetz@hotmail.com,0551332781,Haifa,N/A,REFERRAL,ACTIVE,17.11.2025,,,,,,,
Gal,Ben-David,gben-david@hotmail.com,0563121306,Tel Aviv,,website,ACTIVE,20.8.2025,,,,,,,
Shani,Peretz,speretz@yahoo.com,0533019277,Ramat Gan,Sela Group,website,ACTIVE,4.9.2025,,,,,,,
Roni,Katz,ronikatz@walla.co.il,02621715,Haifa,Sela Group,Referral,ACTIVE,3.7.2025,,,,,,,
Omer,Avraham,omer.avraham@gmail.com,0,Rishon Lezion,Acme Ltd,website,ACTIVE,17.4.2025,,,,,,,
Moshe,Biton,moshebiton@yahoo.com,0521631179,Rishon Lezion,StartUp Co.,Referral,INACTIVE,4.9.2025,,,,,,,
Omer,Levi,omer.levi@hotmail.com,0562197636,Ramat Gan,Acme Ltd.,Social Media,INACTIVE,24.4.2025,,,,,,,
Adi,Elbaz,adielbaz@hotmail.com,0594447207,Haifa,StartUp Co.,Event,IN PROGRESS,12.6.2025,,,,,,,
David,Biton,david.biton@outlook.com,0589906450,Petah Tikva,TechCo,Social Media,IN PROGRESS,11.5.2025,,,,,,,
Michal,Avraham,mavraham@yahoo.com,0,Petah Tikva,StartUp Co.,REFERRAL,ACTIVE,28.1.2025,,,,,,,
Rachel,Toledano,rachel.toledano@walla.co.il,0583939209,Herzliya,Globex Inc,Cold Call,IN PROGRESS,3.5.2025,,,,,,,
Shani,Toledano,shanitoledano@outlook.com,08749762,Holon,Sela Group,Website,CLOSED,9.4.2025,,,,,,,
Dor,Peretz,dperetz@yahoo.com,0,Rishon Lezion,Sela Group,Referral,CLOSED,16.12.2025,,,,,,,
Eli,Katz,ekatz@gmail.com,0593535634,Netanya,TechCo,Cold Call,ACTIVE,25.8.2025,,,,,,,
Dana,Dahan,danadahan@hotmail.com,0589724718,Haifa,StartUp Co.,,ACTIVE,14.7.2025,,,,,,,
Guy,Shapiro,guyshapiro@yahoo.com,0504250065,Tel Aviv,Acme Ltd,REFERRAL,ACTIVE,7.5.2025,,,,,,,
Hila,Biton,hilabiton@walla.co.il,0561736094,Ramat Gan,Globex Inc,Referral,CLOSED,5.3.2025,,,,,,,
Eli,Toledano,etoledano@hotmail.com,0556218708,Haifa,Globex Inc,,ACTIVE,10.11.2025,,,,,,,
Omer,Malka,omalka@outlook.com,0584328837,Netanya,Sela Group,REFERRAL,ACTIVE,12.9.2025,,,,,,,
Hila,Rosenberg,hrosenberg@gmail.com,02420436,Haifa,Acme Ltd.,REFERRAL,ACTIVE,12.1.2025,,,,,,,
Moshe,Biton  ,mbiton@outlook.com,0552641024,,Nexus Israel,website,ACTIVE,20.9.2025,,,,,,,
Sarah,Friedman,sarah.friedman@hotmail.com,02580205,Ramat Gan,TechCo,REFERRAL,INACTIVE,3.11.2025,,,,,,,
Michal,Avraham,,0587444974,Haifa,TechCo,Event,ACTIVE,23.10.2025,,,,,,,
Avi,Malka  ,avi.malka@walla.co.il,0579031829,Haifa,Delta Systems,Cold Call,ACTIVE,16.2.2025,,,,,,,
Uri,Ben-David,uriben-david@gmail.com,0552145808,Haifa,,website,CLOSED,25.9.2025,,,,,,,
Shani,Shapiro,shanishapiro@walla.co.il,0543694288,Petah Tikva,N/A,REFERRAL,ACTIVE,18.10.2025,,,,,,,
Dana,Marom,dana.marom@hotmail.com,0599563491,Ramat Gan,Globex Inc,website,ACTIVE,8.1.2025,,,,,,,
Liat,Friedman,liat.friedman@yahoo.com,0538200092,Jerusalem,StartUp Co.,Referral,ACTIVE,13.3.2025,,,,,,,
Noa,Dahan,noa.dahan@hotmail.com,02290542,Petah Tikva,Sela Group,Event,ACTIVE,4.8.2025,,,,,,,
Avi,Rosenberg,avirosenberg@gmail.com,02782975,Herzliya,Globex Inc,Referral,IN PROGRESS,9.2.2025,,,,,,,
Tal,Ben-David,tben-david@walla.co.il,09782227,Haifa,Acme Ltd,,ACTIVE,13.8.2025,,,,,,,
Ron,Mizrahi  ,ron.mizrahi@hotmail.com,0567097414,Rishon Lezion,Sela Group,Referral,ACTIVE,20.4.2025,,,,,,,
Nir,Katz,nirkatz@outlook.com,0,Beer Sheva,Sela Group,Referral,ACTIVE,9.6.2025,,,,,,,
Avi,Marom,avimarom@hotmail.com,0,Jerusalem,StartUp Co.,Event,ACTIVE,9.3.2025,,,,,,,
Maya,Dahan,maya.dahan@gmail.com,0517474228,Netanya,TechCo,REFERRAL,ACTIVE,13.7.2025,,,,,,,
Tamar,Friedman,,08979999,Netanya,Acme Ltd,Referral,ACTIVE,19.11.2025,,,,,,,
Noa,Katz,noa.katz@yahoo.com,0567510106,Tel Aviv,Nexus Israel,Website,ACTIVE,28.12.2025,,,,,,,
Maya,Dahan,mdahan@yahoo.com,0553674757,Rishon Lezion,Delta Systems,Referral,ACTIVE,1.10.2025,,,,,,,
Yosef,Mizrahi  ,yosef.mizrahi@outlook.com,0582501119,Jerusalem,Delta Systems,Website,ACTIVE,21.1.2025,,,,,,,
Maya,Rosenberg,maya.rosenberg@hotmail.com,01402692,Ramat Gan,Globex Inc,Cold Call,ACTIVE,5.5.2025,,,,,,,
Roni,Ben-David,roni.ben-david@hotmail.com,0535440025,Tel Aviv,Sela Group,Social Media,IN PROGRESS,2.5.2025,,,,,,,
Itai,Elbaz,itai.elbaz@walla.co.il,0512140194,Herzliya,,Event,ACTIVE,23.11.2025,,,,,,,
Nir,Levi,nlevi@outlook.com,0519234320,Netanya,N/A,Referral,IN PROGRESS,19.11.2025,,,,,,,
Hila,Amar,hamar@gmail.com,01688112,,Acme Ltd,,ACTIVE,4.8.2025,,,,,,,
Omer,Malka,OMALKA@GMAIL.COM,0582636422,Petah Tikva,Acme Ltd.,Cold Call,INACTIVE,21.3.2025,,,,,,,
Amit,Rosenberg,arosenberg@yahoo.com,05071180,Ramat Gan,StartUp Co.,Referral,IN PROGRESS,25.5.2025,,,,,,,
Moshe,Azoulay,mazoulay@yahoo.com,01292669,Herzliya,TechCo,,ACTIVE,1.6.2025,,,,,,,
David,Peretz,david.peretz@walla.co.il,0534576485,Petah Tikva,Acme Ltd,Referral,ACTIVE,2.2.2025,,,,,,,
Yosef,Sasson,ysasson@walla.co.il,07591763,Rishon Lezion,Nexus Israel,website,CLOSED,27.8.2025,,,,,,,
Rachel,Toledano,rachel.toledano@hotmail.com,0545854206,Beer Sheva,TechCo,Event,ACTIVE,23.3.2025,,,,,,,
Rachel,Marom,,07397312,Tel Aviv,,Website,IN PROGRESS,28.10.2025,,,,,,,
Uri,Azoulay,uriazoulay@gmail.com,0536968373,Herzliya,Delta Systems,Event,CLOSED,15.2.2025,,,,,,,
Ron,Rosenberg,ronrosenberg@yahoo.com,04670253,,Acme Ltd,Event,INACTIVE,26.9.2025,,,,,,,
Dana,Gabai,dgabai@walla.co.il,0504243072,Beer Sheva,TechCo,Event,ACTIVE,23.9.2025,,,,,,,
Dor,Friedman,dfriedman@gmail.com,0,Netanya,N/A,Cold Call,CLOSED,11.3.2025,,,,,,,
Tamar,Cohen,tcohen@outlook.com,0502959309,Holon,Acme Ltd,Website,ACTIVE,13.2.2025,,,,,,,
Moshe,Friedman,moshe.friedman@outlook.com,01502694,Petah Tikva,Nexus Israel,REFERRAL,INACTIVE,1.1.2025,,,,,,,
Dor,Ben-David,dor.ben-david@hotmail.com,0582113457,Tel Aviv,Sela Group,Cold Call,ACTIVE,13.1.2025,,,,,,,
Michal,Toledano,michaltoledano@gmail.com,0508149680,Jerusalem,Acme Ltd.,REFERRAL,CLOSED,26.10.2025,,,,,,,
Dana,Sasson,dsasson@walla.co.il,0567702622,Holon,,Website,IN PROGRESS,12.12.2025,,,,,,,
Shira,Elbaz,selbaz@outlook.com,0571892313,Haifa,Globex Inc,Referral,ACTIVE,9.3.2025,,,,,,,
Shira,Malka,shira.malka@walla.co.il,0587352484,Petah Tikva,N/A,Referral,CLOSED,24.8.2025,,,,,,,
Maya,Levi,maya.levi@hotmail.com,04523582,Haifa,Nexus Israel,Cold Call,IN PROGRESS,28.4.2025,,,,,,,
Amit,Malka,amit.malka@yahoo.com,0529460029,Tel Aviv,Acme Ltd,Cold Call,IN PROGRESS,20.1.2025,,,,,,,
Noa,Dahan,ndahan@yahoo.com,0538571422,Ramat Gan,TechCo,,ACTIVE,2.12.2025,,,,,,,
Liat,Friedman,lfriedman@hotmail.com,0565008240,Herzliya,Acme Ltd,website,ACTIVE,24.8.2025,,,,,,,
Avi,Ben-David,avi.ben-david@outlook.com,0597169127,Holon,StartUp Co.,,ACTIVE,25.12.2025,,,,,,,
Shani,Shapiro,,0568304317,Jerusalem,Delta Systems,Event,ACTIVE,13.6.2025,,,,,,,
Itai,Shapiro,itai.shapiro@gmail.com,0592934976,Tel Aviv,N/A,,CLOSED,6.3.2025,,,,,,,
Eli,Rosenberg,elirosenberg@yahoo.com,0579481739,Herzliya,StartUp Co.,,CLOSED,27.6.2025,,,,,,,
Yossi,Rosenberg,yossi.rosenberg@outlook.com,0536479762,Jerusalem,StartUp Co.,website,ACTIVE,4.3.2025,,,,,,,
Roni,Cohen,ronicohen@walla.co.il,0558144033,Tel Aviv,TechCo,REFERRAL,ACTIVE,14.7.2025,,,,,,,
Gal,Azoulay,galazoulay@outlook.com,0519187029,Herzliya,Acme Ltd.,REFERRAL,CLOSED,16.3.2025,,,,,,,
Amit,Friedman,amit.friedman@walla.co.il,0529333686,Herzliya,Sela Group,Event,ACTIVE,6.12.2025,,,,,,,
Itai,Avraham,itaiavraham@hotmail.com,0598722401,Petah Tikva,Acme Ltd.,Website,CLOSED,25.11.2025,,,,,,,
Moshe,Shapiro,moshe.shapiro@gmail.com,0563017920,Haifa,Nexus Israel,Event,ACTIVE,16.1.2025,,,,,,,
Gal,Marom,gal.marom@gmail.com,0569910743,Ramat Gan,Acme Ltd.,Event,ACTIVE,12.3.2025,,,,,,,
Yossi,Rosenberg,yrosenberg@yahoo.com,0517858110,Netanya,Nexus Israel,,ACTIVE,17.9.2025,,,,,,,
Uri,Sasson,uri.sasson@hotmail.com,0555117989,Haifa,Acme Ltd.,,IN PROGRESS,28.8.2025,,,,,,,
Sarah,Amar,sarahamar@outlook.com,0,Petah Tikva,StartUp Co.,Event,IN PROGRESS,19.7.2025,,,,,,,
Noa,Shapiro,,0,Holon,N/A,REFERRAL,INACTIVE,13.4.2025,,,,,,,
Shira,Gabai,sgabai@yahoo.com,0579971691,Jerusalem,StartUp Co.,Event,ACTIVE,20.8.2025,,,,,,,
Dor,Rosenberg,drosenberg@yahoo.com,0512256271,Rishon Lezion,Acme Ltd,Cold Call,ACTIVE,14.4.2025,,,,,,,
Noa,Malka,noa.malka@outlook.com,07290861,,Sela Group,website,ACTIVE,16.2.2025,,,,,,,
Noa,Sasson  ,noa.sasson@yahoo.com,0512382213,Haifa,Globex Inc,REFERRAL,CLOSED,12.11.2025,,,,,,,
Guy,Sasson,guysasson@yahoo.com,0527277502,Holon,Delta Systems,Referral,ACTIVE,10.5.2025,,,,,,,
Omer,Shapiro,omershapiro@gmail.com,0524350987,Jerusalem,Acme Ltd.,Event,ACTIVE,19.2.2025,,,,,,,
Uri,Sasson,urisasson@outlook.com,06919673,Haifa,Sela Group,Social Media,IN PROGRESS,5.8.2025,,,,,,,
Maya,Azoulay,mazoulay@walla.co.il,07972060,Holon,N/A,REFERRAL,ACTIVE,28.12.2025,,,,,,,
Noa,Peretz,,0579487536,,Acme Ltd.,Website,CLOSED,27.4.2025,,,,,,,
Shira,Friedman,shira.friedman@outlook.com,02841627,Ramat Gan,,website,ACTIVE,13.12.2025,,,,,,,
Eli,Azoulay,eliazoulay@gmail.com,0,Holon,,Social Media,IN PROGRESS,27.12.2025,,,,,,,
Tamar,Shapiro,tshapiro@yahoo.com,04214959,Holon,StartUp Co.,Website,IN PROGRESS,19.10.2025,,,,,,,
Guy,Amar,gamar@hotmail.com,0577945583,Jerusalem,Acme Ltd.,Referral,ACTIVE,3.2.2025,,,,,,,
Ron,Sasson,rsasson@walla.co.il,0546671081,Haifa,N/A,website,INACTIVE,16.4.2025,,,,,,,
David,Azoulay,dazoulay@walla.co.il,0547382895,Netanya,Sela Group,Event,ACTIVE,7.3.2025,,,,,,,
Itai,Mizrahi,imizrahi@walla.co.il,0509916250,Tel Aviv,,,INACTIVE,20.8.2025,,,,,,,
Eli,Peretz,eperetz@walla.co.il,08499746,Netanya,Acme Ltd.,website,IN PROGRESS,22.8.2025,,,,,,,
Roni,Toledano,ronitoledano@outlook.com,07631320,Haifa,StartUp Co.,Social Media,ACTIVE,15.11.2025,,,,,,,
Yossi,Cohen,ycohen@yahoo.com,0553859017,Haifa,TechCo,,IN PROGRESS,6.12.2025,,,,,,,
Eli,Sasson,,09871916,Jerusalem,Globex Inc,Referral,IN PROGRESS,21.3.2025,,,,,,,
Avi,Dahan,avidahan@outlook.com,0575844933,,Sela Group,Website,CLOSED,16.10.2025,,,,,,,
Tal,Sasson,tal.sasson@walla.co.il,0549383269,Netanya,N/A,Social Media,ACTIVE,17.2.2025,,,,,,,
Noa,Gabai,ngabai@yahoo.com,02935653,Beer Sheva,N/A,Event,INACTIVE,21.11.2025,,,,,,,
Ron,Friedman,ron.friedman@walla.co.il,0502026454,Herzliya,TechCo,Cold Call,ACTIVE,26.12.2025,,,,,,,
Itai,Gabai,itaigabai@walla.co.il,0576837817,Netanya,Sela Group,website,IN PROGRESS,13.11.2025,,,,,,,
Dor,Mizrahi,dmizrahi@hotmail.com,04262672,Haifa,Delta Systems,Referral,IN PROGRESS,3.9.2025,,,,,,,
Tal,Sasson,tal.sasson@hotmail.com,05927668,Tel Aviv,,Social Media,ACTIVE,23.10.2025,,,,,,,
Hila,Ben-David,,0504603680,Netanya,StartUp Co.,Social Media,ACTIVE,9.2.2025,,,,,,,
Roni,Elbaz,relbaz@hotmail.com,0573976792,Ramat Gan,TechCo,website,ACTIVE,7.1.2025,,,,,,,
Moshe,Katz,mkatz@walla.co.il,0538147437,Rishon Lezion,Acme Ltd.,Website,ACTIVE,8.6.2025,,,,,,,
Ron,Cohen,ron.cohen@hotmail.com,0553337892,Jerusalem,,Cold Call,INACTIVE,23.2.2025,,,,,,,
Tal,Dahan,tal.dahan@gmail.com,0573500297,Herzliya,TechCo,Referral,ACTIVE,28.4.2025,,,,,,,
Gal,Ben-David,galben-david@outlook.com,0573652447,Tel Aviv,N/A,Website,IN PROGRESS,3.4.2025,,,,,,,
Adi,Malka,adimalka@hotmail.com,0516428072,Netanya,Nexus Israel,Social Media,ACTIVE,24.6.2025,,,,,,,
Nir,Sasson,,07719722,,Globex Inc,,ACTIVE,15.9.2025,,,,,,,
Sarah,Ben-David,sarah.ben-david@outlook.com,03930307,Herzliya,Nexus Israel,Event,ACTIVE,18.2.2025,,,,,,,
Shani,Friedman,,07500678,Petah Tikva,Acme Ltd.,Referral,ACTIVE,7.1.2025,,,,,,,
Ron,Marom,ron.marom@gmail.com,0561620894,Haifa,,website,IN PROGRESS,25.6.2025,,,,,,,
Guy,Azoulay,guyazoulay@walla.co.il,0564167286,Herzliya,Delta Systems,Referral,CLOSED,5.2.2025,,,,,,,
Hila,Mizrahi,hilamizrahi@outlook.com,01376438,Jerusalem,,REFERRAL,ACTIVE,5.12.2025,,,,,,,
Rachel,Biton,rbiton@hotmail.com,0574590102,Ramat Gan,StartUp Co.,Website,INACTIVE,17.11.2025,,,,,,,
Moshe,Biton,moshe.biton@walla.co.il,0541038099,Haifa,Acme Ltd,Social Media,ACTIVE,10.9.2025,,,,,,,
Moshe,Azoulay,mosheazoulay@gmail.com,0546219258,Haifa,,Referral,IN PROGRESS,26.8.2025,,,,,,,
Hila,Sasson,hilasasson@hotmail.com,0556905327,Netanya,StartUp Co.,website,ACTIVE,6.2.2025,,,,,,,
Maya,Peretz,mperetz@gmail.com,0557880270,Ramat Gan,Acme Ltd.,REFERRAL,CLOSED,13.12.2025,,,,,,,
Tal,Gabai,,01434291,Beer Sheva,Nexus Israel,website,ACTIVE,23.8.2025,,,,,,,
Tamar,Dahan,tamardahan@outlook.com,07948587,Ramat Gan,StartUp Co.,Social Media,ACTIVE,13.8.2025,,,,,,,
Yosef,Avraham,yavraham@walla.co.il,0511985629,Beer Sheva,N/A,Event,ACTIVE,16.12.2025,,,,,,,
Maya,Ben-David,mayaben-david@walla.co.il,0575834993,Rishon Lezion,Acme Ltd.,Event,ACTIVE,17.10.2025,,,,,,,
David,Rosenberg,davidrosenberg@yahoo.com,02291723,Haifa,Delta Systems,Referral,ACTIVE,18.8.2025,,,,,,,
Omer,Amar,OAMAR@HOTMAIL.COM,0597052024,Tel Aviv,Acme Ltd,Event,INACTIVE,21.8.2025,,,,,,,
Gal,Cohen,,08805478,Haifa,N/A,Referral,ACTIVE,6.6.2025,,,,,,,
Hila,Avraham,hilaavraham@walla.co.il,0,Haifa,Nexus Israel,Referral,ACTIVE,26.7.2025,,,,,,,
David,Shapiro,david.shapiro@gmail.com,09155143,Herzliya,Globex Inc,Social Media,ACTIVE,12.9.2025,,,,,,,
Roni,Levi,ronilevi@hotmail.com,0508113264,Herzliya,Nexus Israel,Event,ACTIVE,1.12.2025,,,,,,,
Tal,Dahan,tdahan@gmail.com,0552431206,Haifa,,Cold Call,ACTIVE,28.3.2025,,,,,,,
Maya,Friedman,mayafriedman@outlook.com,0525496196,Haifa,,Referral,ACTIVE,16.8.2025,,,,,,,
Liat,Avraham,,0592813267,Netanya,Acme Ltd,Referral,ACTIVE,4.5.2025,,,,,,,
Roni,Marom,rmarom@walla.co.il,0586036433,Ramat Gan,Delta Systems,Cold Call,ACTIVE,11.11.2025,,,,,,,
Dana,Ben-David,dben-david@hotmail.com,0544398864,Haifa,N/A,website,IN PROGRESS,28.12.2025,,,,,,,
Liat,Gabai,liat.gabai@yahoo.com,0593408829,Tel Aviv,Acme Ltd,Website,ACTIVE,25.5.2025,,,,,,,
Yosef,Amar,yamar@yahoo.com,0,Tel Aviv,Sela Group,Social Media,ACTIVE,12.4.2025,,,,,,,
Yael,Toledano,yael.toledano@walla.co.il,0592354222,Haifa,Acme Ltd.,,IN PROGRESS,9.2.2025,,,,,,,
Avi,Mizrahi,avi.mizrahi@hotmail.com,05113305,Rishon Lezion,Acme Ltd,Cold Call,ACTIVE,28.2.2025,,,,,,,
Tamar,Azoulay,tamar.azoulay@walla.co.il,01770678,Netanya,Acme Ltd.,Cold Call,ACTIVE,17.4.2025,,,,,,,
Amit,Katz,amitkatz@hotmail.com,08586504,Herzliya,Sela Group,,ACTIVE,15.12.2025,,,,,,,
Moshe,Cohen,moshecohen@hotmail.com,05574427,Tel Aviv,Acme Ltd,Social Media,ACTIVE,2.1.2025,,,,,,,
Moshe,Mizrahi,moshemizrahi@yahoo.com,0523025605,Ramat Gan,TechCo,Event,ACTIVE,16.12.2025,,,,,,,
Ron,Cohen,roncohen@gmail.com,0503633108,Haifa,Acme Ltd.,Cold Call,IN PROGRESS,9.12.2025,,,,,,,
Tal,Elbaz,tal.elbaz@walla.co.il,0593270069,Petah Tikva,Sela Group,Referral,INACTIVE,11.5.2025,,,,,,,
Guy,Malka,guy.malka@outlook.com,0559088805,Jerusalem,Nexus Israel,Referral,ACTIVE,8.5.2025,,,,,,,
Avi,Friedman,afriedman@hotmail.com,0515978445,Tel Aviv,Acme Ltd.,,INACTIVE,12.3.2025,,,,,,,
Tamar,Malka,tamarmalka@hotmail.com,0529992807,Ramat Gan,Acme Ltd.,Referral,ACTIVE,11.12.2025,,,,,,,
Guy,Rosenberg,guyrosenberg@outlook.com,0509821826,Herzliya,Delta Systems,Referral,ACTIVE,17.9.2025,,,,,,,
Avi,Rosenberg,arosenberg@gmail.com,0583071382,Haifa,TechCo,Event,ACTIVE,26.12.2025,,,,,,,
Shira,Gabai,sgabai@hotmail.com,0553524629,Beer Sheva,TechCo,REFERRAL,ACTIVE,15.8.2025,,,,,,,
Shira,Cohen,,0573141239,Tel Aviv,TechCo,Social Media,IN PROGRESS,2.3.2025,,,,,,,
Avi,Cohen  ,avi.cohen@yahoo.com,01518292,Herzliya,Acme Ltd.,Cold Call,ACTIVE,1.12.2025,,,,,,,
Tamar,Levi,tamar.levi@outlook.com,0599470588,Tel Aviv,StartUp Co.,Website,ACTIVE,19.1.2025,,,,,,,
Adi,Toledano  ,atoledano@gmail.com,04028940,Holon,,Cold Call,INACTIVE,13.10.2025,,,,,,,
Shira,Katz,skatz@hotmail.com,02681476,Haifa,TechCo,,ACTIVE,1.11.2025,,,,,,,
Sarah,Friedman,sfriedman@hotmail.com,0527297691,Ramat Gan,Globex Inc,Social Media,ACTIVE,22.11.2025,,,,,,,
Yossi,Cohen  ,yossicohen@hotmail.com,0561393039,Holon,StartUp Co.,,ACTIVE,25.5.2025,,,,,,,
Dana,Avraham,danaavraham@hotmail.com,0578225192,Herzliya,Acme Ltd.,Website,ACTIVE,3.8.2025,,,,,,,
Adi,Malka,adi.malka@walla.co.il,0595961890,Haifa,Nexus Israel,Social Media,INACTIVE,13.3.2025,,,,,,,
Avi,Gabai,avigabai@yahoo.com,0575409512,Ramat Gan,Acme Ltd.,Cold Call,ACTIVE,13.10.2025,,,,,,,
Rachel,Dahan,rachel.dahan@outlook.com,0,Tel Aviv,Globex Inc,Social Media,INACTIVE,9.4.2025,,,,,,,
Dor,Shapiro  ,dshapiro@walla.co.il,0587084360,Ramat Gan,Nexus Israel,Event,ACTIVE,5.12.2025,,,,,,,
Tamar,Cohen,tcohen@outlook.com,0552501223,Netanya,Delta Systems,Referral,ACTIVE,16.3.2025,,,,,,,
David,Shapiro,dshapiro@hotmail.com,0577399057,Haifa,Delta Systems,website,IN PROGRESS,5.11.2025,,,,,,,
Tal,Azoulay,tal.azoulay@yahoo.com,0558443172,Ramat Gan,Acme Ltd.,Cold Call,IN PROGRESS,20.12.2025,,,,,,,
Gal,Mizrahi,galmizrahi@gmail.com,0557416943,Tel Aviv,Globex Inc,Cold Call,ACTIVE,13.9.2025,,,,,,,
Maya,Amar,maya.amar@yahoo.com,0575757800,Haifa,,Social Media,ACTIVE,9.8.2025,,,,,,,
Maya,Rosenberg,maya.rosenberg@outlook.com,08994196,Tel Aviv,,website,ACTIVE,24.4.2025,,,,,,,
Yosef,Mizrahi,yosef.mizrahi@outlook.com,0582501119,Jerusalem,Delta Systems,Website,ACTIVE,21.1.2025,,,,,,,
Maya,Biton,mbiton@gmail.com,05769509,Haifa,,Social Media,ACTIVE,27.2.2025,,,,,,,
Tamar,Malka,tmalka@outlook.com,0576725828,Jerusalem,Delta Systems,REFERRAL,ACTIVE,24.6.2025,,,,,,,
Avi,Dahan,adahan@walla.co.il,0538452417,Beer Sheva,StartUp Co.,REFERRAL,CLOSED,19.11.2025,,,,,,,
Omer,Levi,omerlevi@walla.co.il,0508757420,Tel Aviv,N/A,Referral,IN PROGRESS,2.9.2025,,,,,,,
Moshe,Biton,mbiton@outlook.com,0552641024,Herzliya,Nexus Israel,website,ACTIVE,20.9.2025,,,,,,,
Rachel,Gabai,rachel.gabai@gmail.com,0549757456,Beer Sheva,StartUp Co.,Referral,INACTIVE,7.7.2025,,,,,,,
Moshe,Elbaz,mosheelbaz@outlook.com,0519719581,Netanya,Globex Inc,,CLOSED,15.5.2025,,,,,,,
Roni,Biton,roni.biton@hotmail.com,07291026,Herzliya,N/A,Website,ACTIVE,10.11.2025,,,,,,,
Itai,Amar,iamar@yahoo.com,03530114,Ramat Gan,Delta Systems,Cold Call,ACTIVE,8.1.2025,,,,,,,
Yosef,Ben-David,yosefben-david@gmail.com,0588106183,Herzliya,TechCo,REFERRAL,CLOSED,18.9.2025,,,,,,,
Itai,Amar,itaiamar@hotmail.com,0528380275,Haifa,TechCo,REFERRAL,ACTIVE,23.10.2025,,,,,,,
Shira,Rosenberg,,0557720828,Ramat Gan,StartUp Co.,,ACTIVE,7.7.2025,,,,,,,
Yosef,Shapiro,yosefshapiro@hotmail.com,0539926120,Haifa,Delta Systems,REFERRAL,ACTIVE,26.10.2025,,,,,,,
Yosef,Dahan,yosef.dahan@gmail.com,0501684580,Beer Sheva,Globex Inc,Cold Call,CLOSED,4.5.2025,,,,,,,
Tal,Azoulay,tazoulay@walla.co.il,05947223,Ramat Gan,N/A,REFERRAL,CLOSED,25.6.2025,,,,,,,
Tal,Marom,talmarom@outlook.com,0556682599,Haifa,Acme Ltd.,Referral,ACTIVE,4.10.2025,,,,,,,
Gal,Azoulay,gazoulay@walla.co.il,07983641,Ramat Gan,Nexus Israel,Social Media,ACTIVE,6.9.2025,,,,,,,
Tamar,Toledano,ttoledano@outlook.com,0589421681,,Acme Ltd.,Referral,INACTIVE,27.12.2025,,,,,,,
Omer,Elbaz,,0551447451,Netanya,Acme Ltd,REFERRAL,INACTIVE,27.2.2025,,,,,,,
Gal,Biton,gal.biton@gmail.com,0,Beer Sheva,N/A,Referral,ACTIVE,6.1.2025,,,,,,,
Tamar,Avraham,tamaravraham@outlook.com,0591110277,Tel Aviv,Acme Ltd,Cold Call,ACTIVE,22.1.2025,,,,,,,
Yosef,Toledano,yoseftoledano@outlook.com,0577169641,Beer Sheva,,REFERRAL,IN PROGRESS,4.11.2025,,,,,,,
Noa,Elbaz,noaelbaz@yahoo.com,0554711087,Haifa,Delta Systems,Website,CLOSED,22.2.2025,,,,,,,
Itai,Elbaz,itaielbaz@walla.co.il,0,Haifa,Globex Inc,,ACTIVE,4.2.2025,,,,,,,
Sarah,Sasson,sarah.sasson@yahoo.com,0568881645,Ramat Gan,Delta Systems,Social Media,ACTIVE,10.1.2025,,,,,,,
Yosef,Avraham,yosef.avraham@gmail.com,0565453618,Tel Aviv,N/A,Referral,ACTIVE,11.2.2025,,,,,,,
Michal,Katz,michalkatz@yahoo.com,0512001936,Jerusalem,Acme Ltd.,Cold Call,INACTIVE,14.11.2025,,,,,,,
Dor,Katz,dor.katz@gmail.com,0539480309,Netanya,Nexus Israel,Referral,CLOSED,15.10.2025,,,,,,,
Hila,Toledano,htoledano@outlook.com,07337478,Netanya,Acme Ltd,Website,ACTIVE,27.3.2025,,,,,,,
Yosef,Toledano,yosef.toledano@outlook.com,0554057389,Rishon Lezion,Sela Group,Event,INACTIVE,14.5.2025,,,,,,,
David,Biton,david.biton@yahoo.com,0,Tel Aviv,Nexus Israel,Referral,ACTIVE,19.3.2025,,,,,,,
Dana,Toledano,dtoledano@yahoo.com,04995869,Ramat Gan,Delta Systems,website,INACTIVE,19.6.2025,,,,,,,
Dana,Dahan,dana.dahan@yahoo.com,0541871735,Tel Aviv,N/A,Referral,ACTIVE,1.5.2025,,,,,,,
Dor,Biton,dor.biton@gmail.com,0585576682,Herzliya,StartUp Co.,Social Media,ACTIVE,4.11.2025,,,,,,,
Yossi,Cohen,yossicohen@hotmail.com,0561393039,Holon,StartUp Co.,,ACTIVE,25.5.2025,,,,,,,
Michal,Peretz,mperetz@hotmail.com,0577343232,Tel Aviv,Globex Inc,Referral,IN PROGRESS,7.3.2025,,,,,,,
Tal,Dahan  ,tal.dahan@gmail.com,0573500297,Herzliya,TechCo,Referral,ACTIVE,28.4.2025,,,,,,,
Rachel,Marom,rachel.marom@gmail.com,01493799,Ramat Gan,Acme Ltd.,,ACTIVE,13.7.2025,,,,,,,
Noa,Rosenberg,nrosenberg@outlook.com,03648744,Tel Aviv,StartUp Co.,Social Media,ACTIVE,25.7.2025,,,,,,,
Omer,Mizrahi,omer.mizrahi@yahoo.com,03192005,Haifa,N/A,REFERRAL,IN PROGRESS,9.8.2025,,,,,,,
Yael,Amar,yamar@yahoo.com,0589882428,Ramat Gan,N/A,Cold Call,CLOSED,6.5.2025,,,,,,,
Ron,Malka,rmalka@outlook.com,0585788268,Rishon Lezion,,website,ACTIVE,3.3.2025,,,,,,,
Maya,Levi,mayalevi@gmail.com,0596640806,Haifa,Delta Systems,,ACTIVE,22.12.2025,,,,,,,
Omer,Biton,,0551734135,Netanya,StartUp Co.,Website,CLOSED,13.7.2025,,,,,,,
Tamar,Mizrahi,tmizrahi@yahoo.com,0531120642,Rishon Lezion,,Social Media,INACTIVE,18.4.2025,,,,,,,
Roni,Rosenberg,roni.rosenberg@hotmail.com,07042047,Netanya,Globex Inc,,IN PROGRESS,3.9.2025,,,,,,,
Avi,Cohen,avicohen@yahoo.com,0599106820,Rishon Lezion,Delta Systems,website,ACTIVE,17.1.2025,,,,,,,
Amit,Levi,amit.levi@walla.co.il,0566411195,Tel Aviv,Sela Group,Event,IN PROGRESS,20.8.2025,,,,,,,
Nir,Malka,nir.malka@outlook.com,0542812519,Herzliya,Acme Ltd.,REFERRAL,CLOSED,13.9.2025,,,,,,,
Noa,Toledano,ntoledano@gmail.com,0584453591,Netanya,Delta Systems,REFERRAL,ACTIVE,14.6.2025,,,,,,,
Adi,Ben-David,adiben-david@yahoo.com,0509043979,Tel Aviv,TechCo,website,ACTIVE,1.1.2025,,,,,,,
Liat,Biton,lbiton@walla.co.il,0528768273,Herzliya,,Event,INACTIVE,21.6.2025,,,,,,,
Adi,Gabai,agabai@yahoo.com,0562284471,Holon,StartUp Co.,,ACTIVE,27.3.2025,,,,,,,
Eli,Dahan  ,eli.dahan@yahoo.com,0508890587,Herzliya,Delta Systems,website,ACTIVE,26.10.2025,,,,,,,
Shira,Ben-David,shira.ben-david@outlook.com,0545723937,Jerusalem,Acme Ltd,Website,CLOSED,27.10.2025,,,,,,,
Shani,Ben-David,sben-david@gmail.com,0514827652,Holon,StartUp Co.,website,INACTIVE,27.11.2025,,,,,,,
Yossi,Katz,yossi.katz@outlook.com,0578772422,Beer Sheva,,Event,ACTIVE,27.12.2025,,,,,,,
Uri,Sasson,uri.sasson@yahoo.com,0,Holon,Delta Systems,Referral,ACTIVE,7.4.2025,,,,,,,
Dana,Sasson,danasasson@gmail.com,0515955705,Holon,,REFERRAL,ACTIVE,20.3.2025,,,,,,,
Guy,Sasson,guy.sasson@hotmail.com,0521364851,Tel Aviv,Globex Inc,Website,CLOSED,27.8.2025,,,,,,,
Dana,Rosenberg,danarosenberg@walla.co.il,06619422,Beer Sheva,StartUp Co.,Cold Call,IN PROGRESS,10.12.2025,,,,,,,
Uri,Sasson,uri.sasson@hotmail.com,0535456445,Haifa,StartUp Co.,Referral,ACTIVE,3.2.2025,,,,,,,
Adi,Elbaz,aelbaz@hotmail.com,0534518395,Rishon Lezion,Globex Inc,REFERRAL,ACTIVE,16.9.2025,,,,,,,
Moshe,Rosenberg,moshe.rosenberg@walla.co.il,09326536,Jerusalem,Acme Ltd,Referral,ACTIVE,27.2.2025,,,,,,,
Amit,Mizrahi,amizrahi@gmail.com,0568043620,Tel Aviv,TechCo,Website,ACTIVE,3.11.2025,,,,,,,
Yossi,Sasson,yossisasson@hotmail.com,0,Haifa,Acme Ltd.,Event,IN PROGRESS,3.5.2025,,,,,,,
Rachel,Avraham,ravraham@yahoo.com,0,Beer Sheva,N/A,Social Media,ACTIVE,5.10.2025,,,,,,,
Yossi,Rosenberg,yossi.rosenberg@gmail.com,0511188082,Ramat Gan,Delta Systems,Event,ACTIVE,23.8.2025,,,,,,,
Hila,Amar,hilaamar@gmail.com,0546709938,Ramat Gan,Acme Ltd.,Social Media,INACTIVE,25.9.2025,,,,,,,
Yael,Rosenberg,yrosenberg@outlook.com,0524359525,Ramat Gan,Nexus Israel,Social Media,INACTIVE,17.2.2025,,,,,,,
Hila,Shapiro,hshapiro@outlook.com,08658614,Netanya,Delta Systems,Event,CLOSED,15.2.2025,,,,,,,
Yael,Shapiro,,0586161931,Haifa,Acme Ltd,Social Media,ACTIVE,28.3.2025,,,,,,,
Adi,Marom,adimarom@walla.co.il,0544469169,Haifa,Globex Inc,Referral,ACTIVE,22.11.2025,,,,,,,
Avi,Friedman,avifriedman@hotmail.com,0573938445,Beer Sheva,Delta Systems,Social Media,CLOSED,25.11.2025,,,,,,,
Gal,Cohen,gal.cohen@outlook.com,0597306018,Rishon Lezion,Nexus Israel,,ACTIVE,19.11.2025,,,,,,,
Noa,Azoulay,noaazoulay@gmail.com,0505879698,Netanya,Globex Inc,Referral,ACTIVE,14.6.2025,,,,,,,
Shira,Gabai,shiragabai@walla.co.il,0543365639,Tel Aviv,Delta Systems,Event,ACTIVE,16.1.2025,,,,,,,
Shani,Shapiro,sshapiro@yahoo.com,0515528798,Netanya,Acme Ltd,Event,CLOSED,24.10.2025,,,,,,,
Shani,Peretz,shaniperetz@gmail.com,0579445004,Jerusalem,Delta Systems,,CLOSED,7.2.2025,,,,,,,
Michal,Malka,michal.malka@gmail.com,0581147605,Tel Aviv,Globex Inc,Event,ACTIVE,5.9.2025,,,,,,,
Guy,Elbaz,gelbaz@hotmail.com,0539302838,Netanya,,,ACTIVE,14.10.2025,,,,,,,
Avi,Cohen,avi.cohen@yahoo.com,01518292,Herzliya,Acme Ltd.,Cold Call,ACTIVE,1.12.2025,,,,,,,
Adi,Ben-David,adiben-david@gmail.com,0588042560,Tel Aviv,Sela Group,REFERRAL,INACTIVE,22.11.2025,,,,,,,
Moshe,Sasson  ,moshesasson@walla.co.il,0557309161,Tel Aviv,Sela Group,Event,ACTIVE,26.8.2025,,,,,,,
Shani,Cohen,scohen@hotmail.com,0515558082,Beer Sheva,TechCo,website,ACTIVE,22.12.2025,,,,,,,
David,Avraham,david.avraham@yahoo.com,03017094,Haifa,StartUp Co.,Social Media,INACTIVE,26.2.2025,,,,,,,
Dana,Biton,dana.biton@hotmail.com,0523414331,Ramat Gan,TechCo,REFERRAL,INACTIVE,16.1.2025,,,,,,,
Sarah,Friedman  ,sfriedman@walla.co.il,05474003,Tel Aviv,Nexus Israel,Website,ACTIVE,26.12.2025,,,,,,,
Guy,Rosenberg,guyrosenberg@outlook.com,0,Ramat Gan,Nexus Israel,Referral,ACTIVE,26.10.2025,,,,,,,
Yosef,Levi,ylevi@walla.co.il,0526001312,Holon,StartUp Co.,Cold Call,ACTIVE,6.1.2025,,,,,,,
Yosef,Rosenberg,yosef.rosenberg@walla.co.il,02679055,Rishon Lezion,StartUp Co.,,ACTIVE,27.6.2025,,,,,,,
Rachel,Malka,rachel.malka@outlook.com,0541744682,Netanya,Globex Inc,REFERRAL,IN PROGRESS,11.10.2025,,,,,,,
Uri,Avraham,uri.avraham@walla.co.il,0562909496,Tel Aviv,,REFERRAL,IN PROGRESS,14.5.2025,,,,,,,
Ron,Avraham,ravraham@gmail.com,08731688,Tel Aviv,Acme Ltd,Website,ACTIVE,23.11.2025,,,,,,,
Maya,Katz,mayakatz@hotmail.com,0519100385,Holon,TechCo,website,ACTIVE,19.1.2025,,,,,,,
Shani,Friedman,sfriedman@yahoo.com,0515431506,Ramat Gan,TechCo,Website,ACTIVE,9.6.2025,,,,,,,
Rachel,Marom,rachel.marom@hotmail.com,0547282392,Beer Sheva,StartUp Co.,Cold Call,ACTIVE,16.12.2025,,,,,,,
Omer,Biton,,0,Beer Sheva,Globex Inc,Referral,ACTIVE,27.7.2025,,,,,,,
Sarah,Malka,smalka@outlook.com,04591226,Holon,Sela Group,REFERRAL,ACTIVE,4.12.2025,,,,,,,
Roni,Elbaz,ronielbaz@yahoo.com,09369684,Holon,,Social Media,ACTIVE,3.5.2025,,,,,,,
Tal,Ben-David,,02858053,Netanya,,Cold Call,IN PROGRESS,19.3.2025,,,,,,,
Yossi,Ben-David,yossi.ben-david@gmail.com,0566261082,Netanya,Sela Group,Website,ACTIVE,17.3.2025,,,,,,,
Eli,Friedman,eli.friedman@hotmail.com,0555357990,Petah Tikva,StartUp Co.,Event,ACTIVE,10.6.2025,,,,,,,
Gal,Malka,galmalka@walla.co.il,0562823906,Ramat Gan,Acme Ltd,,ACTIVE,8.2.2025,,,,,,,
Yosef,Friedman,yfriedman@walla.co.il,07757793,Petah Tikva,N/A,Website,CLOSED,3.12.2025,,,,,,,
Adi,Elbaz,adi.elbaz@gmail.com,0545057290,Beer Sheva,StartUp Co.,Cold Call,ACTIVE,3.11.2025,,,,,,,
David,Gabai,davidgabai@yahoo.com,0556284213,Ramat Gan,Delta Systems,REFERRAL,ACTIVE,17.11.2025,,,,,,,
Ron,Friedman,ron.friedman@walla.co.il,0516500924,Netanya,TechCo,Cold Call,IN PROGRESS,19.7.2025,,,,,,,
Noa,Gabai,noagabai@outlook.com,0569734129,Tel Aviv,Globex Inc,Event,ACTIVE,6.2.2025,,,,,,,
Roni,Levi,ronilevi@walla.co.il,0,Ramat Gan,Nexus Israel,REFERRAL,ACTIVE,27.9.2025,,,,,,,
Itai,Peretz,itaiperetz@yahoo.com,0549757466,Tel Aviv,TechCo,,ACTIVE,15.9.2025,,,,,,,
Avi,Azoulay,avi.azoulay@yahoo.com,0508390875,Haifa,Acme Ltd,Referral,ACTIVE,3.11.2025,,,,,,,
Nir,Mizrahi,nir.mizrahi@yahoo.com,0,Tel Aviv,Delta Systems,website,ACTIVE,25.6.2025,,,,,,,
Dana,Cohen,danacohen@outlook.com,0552105481,Beer Sheva,Nexus Israel,Social Media,INACTIVE,6.5.2025,,,,,,,
Uri,Azoulay,uazoulay@outlook.com,0516447428,Ramat Gan,Globex Inc,Website,IN PROGRESS,12.6.2025,,,,,,,
Eli,Dahan,eli.dahan@yahoo.com,0508890587,Herzliya,Delta Systems,website,ACTIVE,26.10.2025,,,,,,,
Sarah,Shapiro,sarahshapiro@yahoo.com,06995013,Herzliya,Acme Ltd,website,ACTIVE,17.5.2025,,,,,,,
Moshe,Sasson,moshesasson@walla.co.il,0557309161,Tel Aviv,Sela Group,Event,ACTIVE,26.8.2025,,,,,,,
Itai,Shapiro,ishapiro@hotmail.com,02560640,Ramat Gan,,REFERRAL,ACTIVE,4.6.2025,,,,,,,
Yosef,Cohen,yosefcohen@yahoo.com,0568776962,Jerusalem,Acme Ltd.,website,ACTIVE,17.1.2025,,,,,,,
Eli,Cohen,eli.cohen@yahoo.com,0513827180,Haifa,Globex Inc,Cold Call,ACTIVE,21.4.2025,,,,,,,
Adi,Shapiro,adi.shapiro@outlook.com,04132907,Rishon Lezion,Sela Group,Referral,ACTIVE,6.11.2025,,,,,,,
Tamar,Friedman,tfriedman@yahoo.com,07136259,Herzliya,Acme Ltd,REFERRAL,ACTIVE,25.8.2025,,,,,,,
Michal,Biton,michal.biton@walla.co.il,0582311382,Herzliya,Nexus Israel,Event,ACTIVE,10.5.2025,,,,,,,
Dor,Katz,dor.katz@gmail.com,0524629021,Jerusalem,,website,ACTIVE,16.5.2025,,,,,,,
Amit,Toledano,amittoledano@outlook.com,0562709243,Haifa,StartUp Co.,Referral,ACTIVE,12.10.2025,,,,,,,
Noa,Gabai,NOAGABAI@GMAIL.COM,0569879515,Herzliya,Acme Ltd.,website,ACTIVE,18.12.2025,,,,,,,
Nir,Gabai,nir.gabai@hotmail.com,0514113428,Tel Aviv,Acme Ltd.,REFERRAL,ACTIVE,17.11.2025,,,,,,,
Yossi,Shapiro,yshapiro@outlook.com,0544817541,Tel Aviv,Acme Ltd,Referral,INACTIVE,1.4.2025,,,,,,,
Sarah,Biton,sbiton@walla.co.il,06815749,Jerusalem,Acme Ltd,Event,ACTIVE,21.9.2025,,,,,,,
Liat,Friedman,,0523962808,Holon,,Social Media,CLOSED,11.4.2025,,,,,,,
Guy,Amar,guy.amar@outlook.com,0513050009,Ramat Gan,Acme Ltd,Cold Call,CLOSED,20.7.2025,,,,,,,
Dana,Shapiro,danashapiro@hotmail.com,0,Rishon Lezion,N/A,website,ACTIVE,18.8.2025,,,,,,,
Yael,Ben-David,yben-david@walla.co.il,07661159,Holon,Delta Systems,Cold Call,ACTIVE,1.5.2025,,,,,,,
Rachel,Levi,rachel.levi@yahoo.com,03312079,Beer Sheva,Acme Ltd.,,ACTIVE,25.10.2025,,,,,,,
Gal,Mizrahi,gmizrahi@outlook.com,0,Beer Sheva,TechCo,Social Media,ACTIVE,16.2.2025,,,,,,,
Moshe,Ben-David,moshe.ben-david@yahoo.com,0595280671,Jerusalem,TechCo,Social Media,CLOSED,3.2.2025,,,,,,,
Dor,Toledano,dortoledano@yahoo.com,0541159341,Ramat Gan,StartUp Co.,,ACTIVE,15.12.2025,,,,,,,
Sarah,Marom,smarom@walla.co.il,0587853764,Tel Aviv,Delta Systems,,ACTIVE,28.4.2025,,,,,,,
Noa,Sasson,noasasson@yahoo.com,0505811186,Rishon Lezion,Acme Ltd,,ACTIVE,22.7.2025,,,,,,,
Yossi,Peretz,yossi.peretz@yahoo.com,0598589583,Rishon Lezion,Sela Group,Social Media,CLOSED,28.3.2025,,,,,,,
Dana,Dahan,dana.dahan@walla.co.il,0,Tel Aviv,Nexus Israel,Cold Call,ACTIVE,13.10.2025,,,,,,,
Nir,Malka,nirmalka@hotmail.com,0593062630,Netanya,Acme Ltd,REFERRAL,ACTIVE,27.5.2025,,,,,,,
Maya,Biton,maya.biton@gmail.com,0553671220,Tel Aviv,Acme Ltd.,Cold Call,ACTIVE,3.12.2025,,,,,,,
Michal,Peretz,michal.peretz@yahoo.com,01566992,Tel Aviv,Acme Ltd.,Social Media,ACTIVE,11.6.2025,,,,,,,
Gal,Sasson,galsasson@gmail.com,07539613,Petah Tikva,TechCo,Cold Call,ACTIVE,2.1.2025,,,,,,,
Amit,Biton,amitbiton@hotmail.com,0,Netanya,,Social Media,ACTIVE,3.9.2025,,,,,,,
Avi,Malka,amalka@yahoo.com,0594293151,Tel Aviv,Globex Inc,,ACTIVE,20.5.2025,,,,,,,
Tal,Malka,talmalka@walla.co.il,0578526283,Haifa,Globex Inc,website,IN PROGRESS,10.4.2025,,,,,,,
Roni,Dahan,rdahan@gmail.com,04167014,Ramat Gan,Delta Systems,,ACTIVE,10.10.2025,,,,,,,
Hila,Azoulay,hilaazoulay@yahoo.com,0528567299,Tel Aviv,StartUp Co.,Social Media,ACTIVE,26.7.2025,,,,,,,
Omer,Biton  ,obiton@gmail.com,0551734135,Netanya,StartUp Co.,Website,CLOSED,13.7.2025,,,,,,,
Moshe,Toledano,moshe.toledano@outlook.com,0572642635,Herzliya,Sela Group,Event,CLOSED,2.7.2025,,,,,,,
Nir,Katz,,0522544788,Ramat Gan,StartUp Co.,Referral,ACTIVE,14.7.2025,,,,,,,
Eli,Mizrahi,elimizrahi@walla.co.il,05164153,Ramat Gan,Sela Group,REFERRAL,ACTIVE,7.6.2025,,,,,,,
Sarah,Rosenberg,sarahrosenberg@gmail.com,0587448209,Haifa,Globex Inc,Cold Call,ACTIVE,25.5.2025,,,,,,,
Liat,Malka,liat.malka@hotmail.com,0572756355,Jerusalem,,Website,ACTIVE,26.11.2025,,,,,,,
Nir,Cohen,,0589232235,Tel Aviv,Sela Group,Referral,IN PROGRESS,18.10.2025,,,,,,,
Amit,Gabai,agabai@walla.co.il,0526255795,Tel Aviv,N/A,Event,CLOSED,10.12.2025,,,,,,,
Itai,Avraham  ,itaiavraham@hotmail.com,0598722401,Petah Tikva,Acme Ltd.,Website,CLOSED,25.11.2025,,,,,,,
Shira,Rosenberg,shirarosenberg@yahoo.com,0595609255,Haifa,Acme Ltd,,ACTIVE,18.8.2025,,,,,,,
Adi,Toledano,atoledano@gmail.com,04028940,Holon,,Cold Call,INACTIVE,13.10.2025,,,,,,,
Nir,Levi,nlevi@gmail.com,0,Tel Aviv,TechCo,Event,IN PROGRESS,23.2.2025,,,,,,,
Itai,Katz,ikatz@outlook.com,0536359263,Haifa,TechCo,Social Media,ACTIVE,20.10.2025,,,,,,,
Nir,Cohen,nir.cohen@walla.co.il,0576217948,Herzliya,StartUp Co.,Cold Call,ACTIVE,20.7.2025,,,,,,,
Amit,Marom,amitmarom@hotmail.com,0537813872,Beer Sheva,TechCo,Cold Call,ACTIVE,1.12.2025,,,,,,,
Hila,Azoulay,hila.azoulay@hotmail.com,0593012893,Jerusalem,Nexus Israel,Event,ACTIVE,26.5.2025,,,,,,,
Moshe,Sasson,msasson@yahoo.com,0,Haifa,Globex Inc,Referral,INACTIVE,6.4.2025,,,,,,,
Liat,Marom,,0565040453,Haifa,,Cold Call,CLOSED,15.2.2025,,,,,,,
Yosef,Toledano,yoseftoledano@hotmail.com,0548434149,Netanya,StartUp Co.,Event,CLOSED,22.10.2025,,,,,,,
Moshe,Shapiro,moshe.shapiro@yahoo.com,0522966470,Tel Aviv,,Event,CLOSED,16.7.2025,,,,,,,
Moshe,Elbaz,melbaz@gmail.com,0521885520,Netanya,Acme Ltd.,Event,IN PROGRESS,1.9.2025,,,,,,,
Michal,Friedman,mfriedman@walla.co.il,0,Tel Aviv,TechCo,REFERRAL,INACTIVE,16.4.2025,,,,,,,
Rachel,Azoulay,rachelazoulay@yahoo.com,0553172932,Holon,Sela Group,Website,IN PROGRESS,6.5.2025,,,,,,,
Dor,Malka,dmalka@gmail.com,01920366,Herzliya,,REFERRAL,ACTIVE,3.7.2025,,,,,,,
Omer,Gabai,ogabai@yahoo.com,0524350371,,,Referral,ACTIVE,9.3.2025,,,,,,,
Roni,Ben-David,roni.ben-david@gmail.com,0,Rishon Lezion,Nexus Israel,Website,ACTIVE,26.5.2025,,,,,,,
Gal,Levi,gallevi@outlook.com,0555550953,Herzliya,Sela Group,website,ACTIVE,11.5.2025,,,,,,,
Amit,Dahan,amit.dahan@gmail.com,0,Ramat Gan,Acme Ltd.,Social Media,ACTIVE,5.12.2025,,,,,,,
Yosef,Marom,yosefmarom@yahoo.com,0572116387,Tel Aviv,Globex Inc,Cold Call,ACTIVE,22.2.2025,,,,,,,
Ron,Mizrahi,ronmizrahi@gmail.com,0571941452,Rishon Lezion,StartUp Co.,Event,ACTIVE,19.12.2025,,,,,,,
Hila,Cohen,hila.cohen@walla.co.il,0582162041,Petah Tikva,Delta Systems,Referral,ACTIVE,17.8.2025,,,,,,,
Shira,Ben-David,shira.ben-david@hotmail.com,0534161109,Haifa,Sela Group,REFERRAL,ACTIVE,23.5.2025,,,,,,,
David,Azoulay  ,dazoulay@gmail.com,03441119,Haifa,Delta Systems,Referral,INACTIVE,27.2.2025,,,,,,,
Amit,Avraham,aavraham@gmail.com,0523446335,Petah Tikva,Acme Ltd,REFERRAL,ACTIVE,26.7.2025,,,,,,,
Dor,Amar,damar@outlook.com,0579056009,Holon,Acme Ltd,website,ACTIVE,10.1.2025,,,,,,,
Dana,Friedman,dfriedman@gmail.com,0,Beer Sheva,Nexus Israel,Event,ACTIVE,9.4.2025,,,,,,,
Moshe,Ben-David,mosheben-david@hotmail.com,0554104675,Jerusalem,Sela Group,,ACTIVE,6.5.2025,,,,,,,
Tamar,Levi,tamarlevi@outlook.com,0574567412,Ramat Gan,,Event,ACTIVE,28.12.2025,,,,,,,
Moshe,Dahan,,0578783840,Petah Tikva,,website,CLOSED,2.10.2025,,,,,,,
Shani,Marom,SMAROM@OUTLOOK.COM,0,Holon,Delta Systems,Social Media,CLOSED,9.6.2025,,,,,,,
David,Toledano,david.toledano@hotmail.com,0506315807,Haifa,N/A,REFERRAL,CLOSED,18.10.2025,,,,,,,
Maya,Rosenberg,maya.rosenberg@hotmail.com,03041166,,StartUp Co.,Website,ACTIVE,14.5.2025,,,,,,,
Hila,Peretz,hperetz@hotmail.com,0,Herzliya,,website,ACTIVE,14.4.2025,,,,,,,
Tal,Sasson,tal.sasson@yahoo.com,0524466089,Holon,Nexus Israel,Cold Call,ACTIVE,10.9.2025,,,,,,,
Moshe,Avraham,mosheavraham@walla.co.il,0524288125,,N/A,Event,ACTIVE,15.5.2025,,,,,,,
Eli,Mizrahi,elimizrahi@gmail.com,01709080,Netanya,,Event,ACTIVE,1.12.2025,,,,,,,
Gal,Amar,,0567111131,Petah Tikva,,Social Media,ACTIVE,25.2.2025,,,,,,,
Ron,Ben-David,rben-david@walla.co.il,0552483374,Netanya,Delta Systems,Cold Call,ACTIVE,24.6.2025,,,,,,,
Shira,Rosenberg,shira.rosenberg@walla.co.il,0525109477,Ramat Gan,,Cold Call,IN PROGRESS,16.10.2025,,,,,,,
Moshe,Friedman,moshefriedman@yahoo.com,0587460044,Petah Tikva,Acme Ltd.,Event,ACTIVE,9.1.2025,,,,,,,
Amit,Sasson,amit.sasson@outlook.com,0527711798,Herzliya,Acme Ltd.,,IN PROGRESS,21.4.2025,,,,,,,
Rachel,Biton,rachelbiton@outlook.com,0,Tel Aviv,Nexus Israel,Referral,CLOSED,3.9.2025,,,,,,,
Nir,Peretz,nir.peretz@walla.co.il,08296647,Ramat Gan,Nexus Israel,REFERRAL,ACTIVE,22.8.2025,,,,,,,
Yossi,Marom,yossi.marom@hotmail.com,0551913231,Tel Aviv,Nexus Israel,Referral,CLOSED,2.2.2025,,,,,,,
Eli,Friedman,eli.friedman@outlook.com,0555506484,Tel Aviv,,REFERRAL,ACTIVE,23.10.2025,,,,,,,
Shira,Katz,shira.katz@gmail.com,0528478868,Beer Sheva,TechCo,Referral,ACTIVE,22.2.2025,,,,,,,
Sarah,Azoulay,sazoulay@hotmail.com,04291928,Netanya,StartUp Co.,REFERRAL,CLOSED,8.8.2025,,,,,,,
Dana,Rosenberg,dana.rosenberg@hotmail.com,0539507858,Tel Aviv,Globex Inc,REFERRAL,INACTIVE,22.4.2025,,,,,,,
Dor,Marom,dormarom@outlook.com,0532406225,Rishon Lezion,Acme Ltd.,Event,ACTIVE,26.12.2025,,,,,,,
Dor,Gabai,dorgabai@gmail.com,0556603139,Haifa,Acme Ltd,Website,ACTIVE,21.2.2025,,,,,,,
Dana,Avraham,danaavraham@gmail.com,0548091769,Herzliya,N/A,Website,IN PROGRESS,24.1.2025,,,,,,,
Yossi,Malka,yossimalka@outlook.com,0532791327,Holon,StartUp Co.,Website,INACTIVE,3.6.2025,,,,,,,
Tamar,Sasson,tamar.sasson@outlook.com,09906476,Ramat Gan,,website,CLOSED,8.5.2025,,,,,,,
Yosef,Avraham,YOSEF.AVRAHAM@WALLA.CO.IL,0594976500,Herzliya,,REFERRAL,ACTIVE,17.2.2025,,,,,,,
Eli,Biton,elibiton@yahoo.com,0506502743,Tel Aviv,Nexus Israel,Event,ACTIVE,8.8.2025,,,,,,,
Ron,Gabai,ron.gabai@gmail.com,0516061668,Netanya,Sela Group,Social Media,CLOSED,28.2.2025,,,,,,,
Tamar,Sasson,tamar.sasson@hotmail.com,0585487758,Ramat Gan,Delta Systems,Website,ACTIVE,4.9.2025,,,,,,,
Shani,Marom,smarom@outlook.com,0514767844,Holon,Delta Systems,Social Media,CLOSED,9.6.2025,,,,,,,
Liat,Katz  ,lkatz@yahoo.com,0569706817,Ramat Gan,N/A,,INACTIVE,23.7.2025,,,,,,,
Liat,Amar,liat.amar@walla.co.il,03810946,Petah Tikva,Acme Ltd.,,INACTIVE,9.8.2025,,,,,,,
Yossi,Friedman,yossifriedman@hotmail.com,0577233861,Beer Sheva,Acme Ltd,REFERRAL,ACTIVE,13.8.2025,,,,,,,
David,Mizrahi,david.mizrahi@outlook.com,08098163,Herzliya,Sela Group,Social Media,ACTIVE,8.2.2025,,,,,,,
Avi,Sasson,avisasson@yahoo.com,0582607296,Haifa,Acme Ltd,Event,CLOSED,19.7.2025,,,,,,,
Michal,Ben-David,mben-david@outlook.com,0547848947,Haifa,Nexus Israel,REFERRAL,IN PROGRESS,16.9.2025,,,,,,,
Sarah,Malka,sarah.malka@outlook.com,0581220120,Ramat Gan,Acme Ltd,Event,IN PROGRESS,12.7.2025,,,,,,,
Maya,Biton,maya.biton@hotmail.com,0,Tel Aviv,TechCo,website,INACTIVE,1.9.2025,,,,,,,
Shira,Dahan,shiradahan@yahoo.com,0528505009,Haifa,Nexus Israel,website,ACTIVE,13.11.2025,,,,,,,
Rachel,Gabai,rgabai@walla.co.il,0566346113,Beer Sheva,Acme Ltd.,Event,INACTIVE,5.2.2025,,,,,,,
Ron,Mizrahi,rmizrahi@outlook.com,0528492775,Haifa,StartUp Co.,,IN PROGRESS,3.6.2025,,,,,,,
Rachel,Gabai,rachel.gabai@walla.co.il,0506297143,Petah Tikva,,Event,ACTIVE,17.6.2025,,,,,,,
Moshe,Malka,mmalka@walla.co.il,0552045698,Rishon Lezion,TechCo,website,CLOSED,2.12.2025,,,,,,,
Adi,Azoulay,aazoulay@gmail.com,0501003575,Holon,TechCo,Referral,ACTIVE,20.8.2025,,,,,,,
Avi,Gabai,avi.gabai@gmail.com,09778387,Beer Sheva,Nexus Israel,,ACTIVE,23.1.2025,,,,,,,
Omer,Levi,omer.levi@walla.co.il,0512885284,Beer Sheva,,Website,CLOSED,7.6.2025,,,,,,,
Michal,Cohen,mcohen@hotmail.com,05208305,Tel Aviv,Delta Systems,Referral,ACTIVE,3.5.2025,,,,,,,
Sarah,Friedman,sfriedman@walla.co.il,05474003,Tel Aviv,Nexus Israel,Website,ACTIVE,26.12.2025,,,,,,,
Noa,Shapiro,nshapiro@yahoo.com,0568775970,Herzliya,,,ACTIVE,13.10.2025,,,,,,,
Dor,Azoulay,dor.azoulay@outlook.com,0562953294,Ramat Gan,N/A,Social Media,ACTIVE,25.4.2025,,,,,,,
Nir,Azoulay,nirazoulay@outlook.com,02279015,Ramat Gan,Nexus Israel,Cold Call,ACTIVE,14.3.2025,,,,,,,
Sarah,Gabai,sarah.gabai@hotmail.com,06368057,Holon,Nexus Israel,Cold Call,INACTIVE,6.6.2025,,,,,,,
Shira,Elbaz,selbaz@gmail.com,0514683937,Beer Sheva,Nexus Israel,,INACTIVE,13.7.2025,,,,,,,
Nir,Avraham,nir.avraham@walla.co.il,0548882947,Haifa,Acme Ltd.,REFERRAL,IN PROGRESS,13.3.2025,,,,,,,
Moshe,Cohen,moshe.cohen@yahoo.com,0575299055,Beer Sheva,Nexus Israel,Website,ACTIVE,19.5.2025,,,,,,,
Dor,Ben-David,dorben-david@gmail.com,0544515255,Haifa,Delta Systems,,IN PROGRESS,10.11.2025,,,,,,,
Gal,Cohen,gal.cohen@walla.co.il,0571816653,Haifa,StartUp Co.,REFERRAL,ACTIVE,20.10.2025,,,,,,,
Hila,Mizrahi,hmizrahi@walla.co.il,0593129875,Herzliya,StartUp Co.,Event,ACTIVE,12.2.2025,,,,,,,
Roni,Ben-David,roniben-david@walla.co.il,09196783,Haifa,Delta Systems,Social Media,ACTIVE,18.3.2025,,,,,,,
Moshe,Sasson,msasson@gmail.com,07830683,Rishon Lezion,Sela Group,website,INACTIVE,3.5.2025,,,,,,,
Shira,Gabai,shiragabai@outlook.com,07790046,Jerusalem,N/A,website,ACTIVE,9.12.2025,,,,,,,
Tamar,Rosenberg,tamarrosenberg@yahoo.com,0502020480,Ramat Gan,Nexus Israel,Cold Call,ACTIVE,5.2.2025,,,,,,,
Shani,Gabai,shani.gabai@walla.co.il,0527544141,Jerusalem,,website,ACTIVE,15.6.2025,,,,,,,
Shani,Levi,shanilevi@walla.co.il,0513073281,Haifa,TechCo,website,CLOSED,16.6.2025,,,,,,,
Dana,Friedman,dana.friedman@outlook.com,0513226333,Herzliya,Sela Group,Referral,ACTIVE,13.4.2025,,,,,,,
Itai,Malka,itai.malka@yahoo.com,0545815154,Haifa,N/A,Cold Call,ACTIVE,15.7.2025,,,,,,,
Ron,Amar,ron.amar@yahoo.com,0523304606,Petah Tikva,TechCo,REFERRAL,ACTIVE,2.11.2025,,,,,,,
Gal,Azoulay,galazoulay@yahoo.com,0505739487,Tel Aviv,Acme Ltd,website,ACTIVE,4.11.2025,,,,,,,
Itai,Avraham,itai.avraham@gmail.com,0544610673,Rishon Lezion,,,ACTIVE,6.11.2025,,,,,,,
Gal,Biton,galbiton@walla.co.il,0599300525,Rishon Lezion,Delta Systems,Website,ACTIVE,11.8.2025,,,,,,,
Adi,Gabai,adigabai@gmail.com,09606553,Tel Aviv,Sela Group,Cold Call,ACTIVE,26.5.2025,,,,,,,
Liat,Avraham  ,lavraham@outlook.com,0,Netanya,Acme Ltd,Referral,ACTIVE,4.5.2025,,,,,,,
Maya,Shapiro,mshapiro@outlook.com,0598936405,Herzliya,StartUp Co.,Website,ACTIVE,16.12.2025,,,,,,,
Dor,Sasson,dorsasson@gmail.com,0564616231,Herzliya,Acme Ltd.,REFERRAL,CLOSED,26.3.2025,,,,,,,
Uri,Biton,ubiton@gmail.com,0511810848,Petah Tikva,TechCo,,INACTIVE,11.11.2025,,,,,,,
Omer,Shapiro,omer.shapiro@hotmail.com,0,Herzliya,,,ACTIVE,25.7.2025,,,,,,,
Yosef,Mizrahi,yosefmizrahi@outlook.com,0571207430,Haifa,Globex Inc,Referral,ACTIVE,28.5.2025,,,,,,,
Yael,Azoulay,yaelazoulay@gmail.com,05348176,Holon,Globex Inc,Website,IN PROGRESS,28.1.2025,,,,,,,
Itai,Levi,itailevi@hotmail.com,0583008263,Tel Aviv,Acme Ltd,REFERRAL,ACTIVE,21.4.2025,,,,,,,
Michal,Elbaz,michalelbaz@outlook.com,04534916,Netanya,TechCo,website,ACTIVE,9.4.2025,,,,,,,
Ron,Mizrahi,ron.mizrahi@hotmail.com,0567097414,Rishon Lezion,Sela Group,Referral,ACTIVE,20.4.2025,,,,,,,
Maya,Amar,mamar@hotmail.com,03306976,Haifa,StartUp Co.,Event,INACTIVE,21.12.2025,,,,,,,
Gal,Levi,glevi@yahoo.com,0527137418,Herzliya,Delta Systems,Website,ACTIVE,8.11.2025,,,,,,,
Uri,Rosenberg  ,urosenberg@hotmail.com,0553218589,Rishon Lezion,N/A,Social Media,CLOSED,3.3.2025,,,,,,,
David,Toledano,david.toledano@walla.co.il,0521643739,Beer Sheva,,Social Media,IN PROGRESS,12.2.2025,,,,,,,
Omer,Cohen,omercohen@outlook.com,0543342383,Petah Tikva,,REFERRAL,ACTIVE,5.1.2025,,,,,,,
Avi,Marom,avimarom@outlook.com,0532582524,Tel Aviv,N/A,Referral,IN PROGRESS,7.4.2025,,,,,,,
Yosef,Rosenberg,yrosenberg@hotmail.com,0548072412,Haifa,StartUp Co.,Cold Call,ACTIVE,16.10.2025,,,,,,,
Amit,Amar,amit.amar@yahoo.com,04905983,Haifa,Acme Ltd.,REFERRAL,ACTIVE,22.8.2025,,,,,,,
Yosef,Rosenberg,yosefrosenberg@hotmail.com,0599570152,Jerusalem,,website,ACTIVE,1.12.2025,,,,,,,
Ron,Toledano,ron.toledano@yahoo.com,08574564,Holon,,website,ACTIVE,6.10.2025,,,,,,,
Yossi,Toledano,yossitoledano@gmail.com,0526832167,Herzliya,TechCo,Event,INACTIVE,7.1.2025,,,,,,,
Gal,Rosenberg,gal.rosenberg@hotmail.com,0591866037,Rishon Lezion,,website,ACTIVE,20.3.2025,,,,,,,
Gal,Amar,gamar@yahoo.com,0571684054,Ramat Gan,,Event,INACTIVE,21.8.2025,,,,,,,
David,Peretz,david.peretz@gmail.com,08722459,Tel Aviv,TechCo,website,INACTIVE,13.1.2025,,,,,,,
Maya,Biton,mbiton@hotmail.com,0517416175,Tel Aviv,Acme Ltd.,Referral,CLOSED,27.11.2025,,,,,,,
Tal,Sasson,talsasson@yahoo.com,0554086613,Herzliya,,,ACTIVE,24.4.2025,,,,,,,
Omer,Peretz,operetz@walla.co.il,05034399,Netanya,StartUp Co.,Referral,CLOSED,25.5.2025,,,,,,,
Eli,Rosenberg,elirosenberg@gmail.com,0594093012,Jerusalem,Globex Inc,,ACTIVE,7.3.2025,,,,,,,
Moshe,Amar,mamar@yahoo.com,0,Haifa,N/A,REFERRAL,ACTIVE,11.12.2025,,,,,,,
Michal,Mizrahi,mmizrahi@gmail.com,0562341365,,N/A,Social Media,ACTIVE,24.6.2025,,,,,,,
Dor,Marom,dmarom@gmail.com,0542824933,Ramat Gan,StartUp Co.,Cold Call,ACTIVE,25.7.2025,,,,,,,
Tamar,Cohen,tamarcohen@outlook.com,0533189251,Rishon Lezion,Globex Inc,REFERRAL,ACTIVE,22.12.2025,,,,,,,
Shani,Amar,samar@yahoo.com,0593944885,Rishon Lezion,,Website,ACTIVE,22.12.2025,,,,,,,
Uri,Dahan,uri.dahan@hotmail.com,06385793,Tel Aviv,Acme Ltd,Cold Call,CLOSED,2.7.2025,,,,,,,
Roni,Avraham,roniavraham@outlook.com,0526639011,Haifa,TechCo,,ACTIVE,3.8.2025,,,,,,,
Michal,Elbaz,michalelbaz@outlook.com,0501816458,Herzliya,Acme Ltd,REFERRAL,ACTIVE,22.4.2025,,,,,,,
Adi,Elbaz,adielbaz@yahoo.com,0553993320,Netanya,TechCo,Referral,ACTIVE,9.5.2025,,,,,,,
Adi,Cohen,acohen@outlook.com,0553389322,Haifa,Acme Ltd,Website,ACTIVE,25.12.2025,,,,,,,
Yosef,Katz,yosef.katz@walla.co.il,0529036402,Jerusalem,TechCo,website,CLOSED,10.1.2025,,,,,,,
Maya,Mizrahi,maya.mizrahi@hotmail.com,0589421026,Ramat Gan,TechCo,Social Media,INACTIVE,2.4.2025,,,,,,,
Itai,Gabai,itaigabai@walla.co.il,0521236293,,Acme Ltd.,REFERRAL,IN PROGRESS,13.2.2025,,,,,,,
Yael,Ben-David,yael.ben-david@gmail.com,0,Netanya,StartUp Co.,Website,ACTIVE,15.1.2025,,,,,,,
Yael,Malka,ymalka@walla.co.il,0566041569,Netanya,Delta Systems,REFERRAL,IN PROGRESS,14.12.2025,,,,,,,
David,Toledano,dtoledano@yahoo.com,0583585897,Tel Aviv,TechCo,Website,ACTIVE,4.4.2025,,,,,,,
Shira,Katz,skatz@hotmail.com,0551262699,Holon,Nexus Israel,,INACTIVE,18.11.2025,,,,,,,
Tal,Biton,talbiton@gmail.com,0573653705,Ramat Gan,Nexus Israel,,ACTIVE,25.3.2025,,,,,,,
Maya,Biton,mbiton@gmail.com,0556663703,Jerusalem,TechCo,Referral,ACTIVE,20.11.2025,,,,,,,
Yosef,Friedman,yfriedman@walla.co.il,02676492,Haifa,Globex Inc,Event,ACTIVE,10.6.2025,,,,,,,
Sarah,Avraham,savraham@yahoo.com,0,Jerusalem,TechCo,website,ACTIVE,23.1.2025,,,,,,,
Dor,Malka,dmalka@outlook.com,09479034,Tel Aviv,,Social Media,ACTIVE,27.10.2025,,,,,,,
Yosef,Levi,yoseflevi@walla.co.il,0595207244,Tel Aviv,,REFERRAL,ACTIVE,21.8.2025,,,,,,,
Dor,Ben-David,dben-david@walla.co.il,05310322,Haifa,Sela Group,Referral,ACTIVE,25.3.2025,,,,,,,
Ron,Avraham,ravraham@hotmail.com,0511314391,Petah Tikva,Nexus Israel,Social Media,INACTIVE,26.4.2025,,,,,,,
Michal,Elbaz,michal.elbaz@gmail.com,0509459266,Rishon Lezion,Delta Systems,Cold Call,ACTIVE,28.9.2025,,,,,,,
Yael,Sasson,yael.sasson@hotmail.com,0562342330,Rishon Lezion,Acme Ltd.,Website,CLOSED,10.8.2025,,,,,,,
Maya,Elbaz,maya.elbaz@outlook.com,0587738624,Tel Aviv,,,CLOSED,20.2.2025,,,,,,,
Uri,Peretz,uperetz@hotmail.com,0572602904,Haifa,Acme Ltd.,Cold Call,ACTIVE,26.6.2025,,,,,,,
Itai,Biton,itaibiton@gmail.com,05151643,Jerusalem,Acme Ltd,,ACTIVE,25.10.2025,,,,,,,
Dana,Shapiro,dana.shapiro@gmail.com,0582428191,Haifa,StartUp Co.,website,ACTIVE,4.4.2025,,,,,,,
Eli,Gabai,,02859505,Tel Aviv,Acme Ltd.,Website,INACTIVE,7.1.2025,,,,,,,
Omer,Amar,omeramar@gmail.com,0547279729,Ramat Gan,TechCo,Website,ACTIVE,18.10.2025,,,,,,,
Amit,Peretz,amitperetz@yahoo.com,05579485,Jerusalem,Nexus Israel,REFERRAL,CLOSED,23.1.2025,,,,,,,
Rachel,Amar,rachelamar@yahoo.com,0579276815,Tel Aviv,TechCo,Referral,ACTIVE,28.6.2025,,,,,,,
Ron,Sasson,rsasson@gmail.com,0545628257,Ramat Gan,StartUp Co.,Social Media,CLOSED,19.4.2025,,,,,,,
Adi,Elbaz,adielbaz@hotmail.com,0,Haifa,StartUp Co.,Event,IN PROGRESS,12.6.2025,,,,,,,
David,Elbaz,,0542974150,Tel Aviv,Nexus Israel,REFERRAL,ACTIVE,4.7.2025,,,,,,,
Hila,Peretz,hilaperetz@walla.co.il,05478506,Tel Aviv,StartUp Co.,Website,ACTIVE,4.11.2025,,,,,,,
Dana,Mizrahi,dmizrahi@walla.co.il,0592109227,Petah Tikva,,Cold Call,ACTIVE,1.2.2025,,,,,,,
Gal,Biton,gal.biton@gmail.com,0521952267,Netanya,Acme Ltd.,Referral,INACTIVE,26.8.2025,,,,,,,
Omer,Katz,omer.katz@yahoo.com,0575960564,Holon,Nexus Israel,Event,ACTIVE,24.6.2025,,,,,,,
Yosef,Avraham,yosef.avraham@outlook.com,0553243266,Ramat Gan,Globex Inc,Cold Call,ACTIVE,6.11.2025,,,,,,,
Gal,Shapiro,gshapiro@hotmail.com,0,Beer Sheva,TechCo,website,CLOSED,20.4.2025,,,,,,,
Hila,Gabai,hilagabai@yahoo.com,0559836713,Tel Aviv,Sela Group,website,IN PROGRESS,17.6.2025,,,,,,,
Guy,Peretz,guyperetz@hotmail.com,01550055,Rishon Lezion,,Referral,ACTIVE,15.1.2025,,,,,,,
Eli,Rosenberg,elirosenberg@gmail.com,0588799197,Rishon Lezion,Acme Ltd.,Cold Call,CLOSED,17.1.2025,,,,,,,
Hila,Katz,hila.katz@yahoo.com,04713012,Tel Aviv,Globex Inc,Cold Call,IN PROGRESS,2.1.2025,,,,,,,
Roni,Dahan,roni.dahan@hotmail.com,04860821,Herzliya,Sela Group,,CLOSED,12.7.2025,,,,,,,
Eli,Toledano,elitoledano@walla.co.il,0587590085,Tel Aviv,TechCo,Event,CLOSED,1.12.2025,,,,,,,
Maya,Amar,mamar@yahoo.com,0524893527,Netanya,Globex Inc,Referral,ACTIVE,10.1.2025,,,,,,,
Liat,Shapiro,liat.shapiro@outlook.com,0549111742,Beer Sheva,StartUp Co.,Social Media,CLOSED,20.10.2025,,,,,,,
Adi,Ben-David,,0561908116,Netanya,TechCo,Website,INACTIVE,24.11.2025,,,,,,,
Nir,Amar,nir.amar@walla.co.il,0,Haifa,Sela Group,Cold Call,CLOSED,25.2.2025,,,,,,,
Noa,Sasson,noa.sasson@yahoo.com,0512382213,Haifa,Globex Inc,REFERRAL,CLOSED,12.11.2025,,,,,,,
Hila,Rosenberg,hrosenberg@outlook.com,0576445775,Holon,StartUp Co.,Event,CLOSED,11.11.2025,,,,,,,
Michal,Avraham,MAVRAHAM@YAHOO.COM,01706842,Petah Tikva,StartUp Co.,REFERRAL,ACTIVE,28.1.2025,,,,,,,
Sarah,Shapiro,sarah.shapiro@walla.co.il,0577749978,Haifa,Globex Inc,Referral,CLOSED,8.6.2025,,,,,,,
Yossi,Amar,yossi.amar@walla.co.il,0,Tel Aviv,TechCo,website,ACTIVE,6.9.2025,,,,,,,
Yosef,Ben-David,yosefben-david@hotmail.com,0,Petah Tikva,,Website,ACTIVE,12.3.2025,,,,,,,
Uri,Elbaz,uelbaz@outlook.com,0592507618,Tel Aviv,Delta Systems,Social Media,INACTIVE,12.12.2025,,,,,,,
Guy,Sasson,gsasson@walla.co.il,04186487,Tel Aviv,,Event,ACTIVE,2.2.2025,,,,,,,
Yael,Toledano,yael.toledano@hotmail.com,0523039341,Rishon Lezion,Acme Ltd,Website,ACTIVE,23.3.2025,,,,,,,
Roni,Sasson,roni.sasson@walla.co.il,0,Tel Aviv,N/A,REFERRAL,ACTIVE,24.7.2025,,,,,,,
Ron,Avraham,,0558935224,Rishon Lezion,Globex Inc,Social Media,ACTIVE,17.2.2025,,,,,,,
Tamar,Toledano,tamar.toledano@gmail.com,01627660,Beer Sheva,Delta Systems,Social Media,CLOSED,28.3.2025,,,,,,,
Tal,Dahan,taldahan@outlook.com,0508359615,Haifa,Sela Group,Referral,CLOSED,23.4.2025,,,,,,,
Yossi,Avraham,yossi.avraham@outlook.com,0587705490,Holon,Acme Ltd,Referral,ACTIVE,14.10.2025,,,,,,,
Roni,Sasson,RONI.SASSON@WALLA.CO.IL,0538663014,Tel Aviv,N/A,REFERRAL,ACTIVE,24.7.2025,,,,,,,
Hila,Avraham,hilaavraham@gmail.com,07791621,,Delta Systems,Referral,ACTIVE,15.8.2025,,,,,,,
Omer,Rosenberg,omerrosenberg@hotmail.com,04504465,Holon,Globex Inc,,ACTIVE,8.12.2025,,,,,,,
Nir,Cohen,nircohen@yahoo.com,08863211,Jerusalem,Acme Ltd.,Event,IN PROGRESS,15.8.2025,,,,,,,
Omer,Levi,omerlevi@walla.co.il,0569509976,Haifa,Sela Group,website,CLOSED,27.4.2025,,,,,,,
Sarah,Levi,slevi@walla.co.il,0576090515,Rishon Lezion,Acme Ltd,,CLOSED,23.7.2025,,,,,,,
Shani,Elbaz  ,selbaz@gmail.com,0543163099,Ramat Gan,,website,ACTIVE,24.8.2025,,,,,,,
Tal,Ben-David,,03934297,Herzliya,,website,IN PROGRESS,2.4.2025,,,,,,,
Sarah,Marom,sarahmarom@gmail.com,0,Tel Aviv,Acme Ltd,REFERRAL,CLOSED,15.3.2025,,,,,,,
Amit,Elbaz,aelbaz@hotmail.com,09901150,Ramat Gan,StartUp Co.,Referral,ACTIVE,9.3.2025,,,,,,,
Tal,Katz,talkatz@outlook.com,07593888,Petah Tikva,Delta Systems,website,CLOSED,19.9.2025,,,,,,,
Tal,Levi,tlevi@yahoo.com,0,Tel Aviv,Acme Ltd,Website,ACTIVE,4.12.2025,,,,,,,
Yossi,Malka,yossimalka@outlook.com,04558795,Ramat Gan,Nexus Israel,,ACTIVE,25.11.2025,,,,,,,
Gal,Rosenberg  ,gal.rosenberg@hotmail.com,0591866037,Rishon Lezion,,website,ACTIVE,20.3.2025,,,,,,,
Avi,Elbaz,avielbaz@gmail.com,06935336,Beer Sheva,Globex Inc,website,ACTIVE,19.11.2025,,,,,,,
Amit,Azoulay,,0591479076,Holon,TechCo,REFERRAL,ACTIVE,3.1.2025,,,,,,,
Adi,Dahan,adidahan@walla.co.il,0505577437,Holon,Nexus Israel,Website,ACTIVE,13.5.2025,,,,,,,
Amit,Katz,akatz@outlook.com,09374334,Tel Aviv,Nexus Israel,Website,IN PROGRESS,7.9.2025,,,,,,,
Avi,Biton,avibiton@gmail.com,0589791781,Ramat Gan,Acme Ltd,Event,ACTIVE,16.5.2025,,,,,,,
Tamar,Cohen,tamarcohen@outlook.com,0,Rishon Lezion,Globex Inc,REFERRAL,ACTIVE,22.12.2025,,,,,,,
Yossi,Biton,yossi.biton@gmail.com,0512541241,Jerusalem,Acme Ltd.,website,ACTIVE,12.8.2025,,,,,,,
Yossi,Marom,ymarom@walla.co.il,06653509,Tel Aviv,N/A,Event,ACTIVE,22.6.2025,,,,,,,
Maya,Azoulay,maya.azoulay@yahoo.com,02693603,Haifa,N/A,Event,ACTIVE,9.11.2025,,,,,,,
Yael,Biton,yaelbiton@yahoo.com,05064453,Tel Aviv,Globex Inc,,ACTIVE,12.7.2025,,,,,,,
Yossi,Elbaz,yossielbaz@yahoo.com,04755992,Tel Aviv,,Cold Call,ACTIVE,28.5.2025,,,,,,,
Rachel,Cohen,rcohen@outlook.com,0514442590,Tel Aviv,Delta Systems,,INACTIVE,12.12.2025,,,,,,,
Dor,Dahan,,0576430103,,Globex Inc,Website,ACTIVE,3.12.2025,,,,,,,
Moshe,Marom,moshe.marom@hotmail.com,05043167,Ramat Gan,Delta Systems,Referral,ACTIVE,21.6.2025,,,,,,,
Guy,Levi,guy.levi@walla.co.il,0576323988,Holon,N/A,Referral,INACTIVE,17.2.2025,,,,,,,
Avi,Dahan,avidahan@hotmail.com,0599635934,Haifa,Globex Inc,REFERRAL,ACTIVE,8.9.2025,,,,,,,
Yossi,Mizrahi,yossimizrahi@gmail.com,0521206363,Holon,Acme Ltd,Social Media,ACTIVE,6.4.2025,,,,,,,
Ron,Sasson,ronsasson@hotmail.com,05757178,Haifa,StartUp Co.,Website,IN PROGRESS,2.7.2025,,,,,,,
Tamar,Friedman,tamarfriedman@yahoo.com,0514295478,Ramat Gan,Nexus Israel,Social Media,INACTIVE,19.5.2025,,,,,,,
David,Katz,davidkatz@gmail.com,0506036779,Tel Aviv,Acme Ltd,Social Media,CLOSED,12.6.2025,,,,,,,
Omer,Gabai,omergabai@outlook.com,04639054,Petah Tikva,N/A,website,IN PROGRESS,13.4.2025,,,,,,,
Tal,Dahan  ,tal.dahan@gmail.com,0,Herzliya,TechCo,Referral,ACTIVE,28.4.2025,,,,,,,
Dana,Mizrahi,dmizrahi@walla.co.il,0595907566,Rishon Lezion,N/A,Referral,ACTIVE,25.2.2025,,,,,,,
Dana,Peretz,danaperetz@gmail.com,0591042750,Tel Aviv,N/A,,CLOSED,4.9.2025,,,,,,,
Rachel,Amar,ramar@yahoo.com,05158473,Herzliya,StartUp Co.,Cold Call,IN PROGRESS,19.6.2025,,,,,,,
Roni,Gabai,rgabai@yahoo.com,0518609704,,Acme Ltd,REFERRAL,ACTIVE,13.1.2025,,,,,,,
Liat,Katz,lkatz@yahoo.com,0569706817,Ramat Gan,N/A,,INACTIVE,23.7.2025,,,,,,,
Yossi,Marom,yossimarom@walla.co.il,0587156735,Haifa,Sela Group,Referral,ACTIVE,20.9.2025,,,,,,,
Amit,Rosenberg,amit.rosenberg@gmail.com,0,Herzliya,Acme Ltd.,Referral,ACTIVE,21.8.2025,,,,,,,
Avi,Elbaz,,0588733874,Petah Tikva,Globex Inc,REFERRAL,IN PROGRESS,27.4.2025,,,,,,,
Shira,Gabai,shiragabai@hotmail.com,08947232,Netanya,Delta Systems,Cold Call,CLOSED,11.5.2025,,,,,,,
Sarah,Malka,sarahmalka@outlook.com,0581698478,Tel Aviv,Acme Ltd,Website,ACTIVE,10.1.2025,,,,,,,
Noa,Dahan,ndahan@walla.co.il,0543670896,Jerusalem,N/A,website,CLOSED,8.4.2025,,,,,,,
Nir,Malka,nir.malka@hotmail.com,03346710,Beer Sheva,Acme Ltd.,,IN PROGRESS,2.12.2025,,,,,,,
Hila,Peretz,hilaperetz@hotmail.com,0598999013,Haifa,Delta Systems,Website,ACTIVE,13.6.2025,,,,,,,
Guy,Sasson,guy.sasson@walla.co.il,0523765193,Rishon Lezion,Acme Ltd.,Social Media,CLOSED,10.6.2025,,,,,,,
Omer,Toledano,otoledano@walla.co.il,08214361,Ramat Gan,TechCo,REFERRAL,ACTIVE,24.3.2025,,,,,,,
Liat,Shapiro,lshapiro@outlook.com,0,Beer Sheva,Acme Ltd.,Referral,CLOSED,10.8.2025,,,,,,,
Amit,Azoulay,,0536018298,Petah Tikva,Nexus Israel,,ACTIVE,25.2.2025,,,,,,,
Liat,Ben-David,liatben-david@yahoo.com,0538939453,Tel Aviv,Acme Ltd.,Cold Call,ACTIVE,15.8.2025,,,,,,,
Shani,Azoulay,shaniazoulay@yahoo.com,0535453411,,,,ACTIVE,5.4.2025,,,,,,,
Dor,Toledano,dtoledano@yahoo.com,0589103837,Beer Sheva,Acme Ltd,website,ACTIVE,26.4.2025,,,,,,,
Ron,Azoulay  ,razoulay@outlook.com,0585824408,Tel Aviv,Globex Inc,REFERRAL,IN PROGRESS,8.11.2025,,,,,,,
Tal,Cohen,talcohen@hotmail.com,0513277614,Holon,N/A,,ACTIVE,24.12.2025,,,,,,,
Dor,Shapiro,dshapiro@walla.co.il,0587084360,Ramat Gan,Nexus Israel,Event,ACTIVE,5.12.2025,,,,,,,
Uri,Friedman,uri.friedman@yahoo.com,08164732,Rishon Lezion,Acme Ltd.,REFERRAL,ACTIVE,14.4.2025,,,,,,,
Noa,Marom,nmarom@walla.co.il,0591691125,Haifa,Nexus Israel,Website,IN PROGRESS,21.8.2025,,,,,,,
Sarah,Biton,sarah.biton@gmail.com,0515342289,Ramat Gan,Globex Inc,Website,ACTIVE,2.8.2025,,,,,,,
Yael,Malka,yaelmalka@hotmail.com,0,Jerusalem,Acme Ltd,website,ACTIVE,19.9.2025,,,,,,,
Omer,Peretz,omer.peretz@yahoo.com,03399557,Herzliya,Sela Group,website,ACTIVE,1.10.2025,,,,,,,
Dor,Malka,dormalka@yahoo.com,0566687440,Holon,Delta Systems,Referral,ACTIVE,18.11.2025,,,,,,,
Guy,Sasson,guysasson@walla.co.il,0,Tel Aviv,N/A,REFERRAL,ACTIVE,1.6.2025,,,,,,,
Liat,Azoulay,liatazoulay@walla.co.il,0584294007,Tel Aviv,Globex Inc,Social Media,ACTIVE,7.2.2025,,,,,,,
Maya,Toledano,mtoledano@gmail.com,02868597,Herzliya,StartUp Co.,Event,INACTIVE,20.10.2025,,,,,,,
Moshe,Gabai,moshe.gabai@outlook.com,0557017548,Tel Aviv,Nexus Israel,Website,INACTIVE,26.1.2025,,,,,,,
Itai,Levi,ilevi@hotmail.com,0551522818,Netanya,Nexus Israel,Website,CLOSED,12.6.2025,,,,,,,
Shani,Peretz,speretz@hotmail.com,0,Haifa,Nexus Israel,Cold Call,ACTIVE,6.1.2025,,,,,,,
Eli,Katz,elikatz@outlook.com,0508533390,Netanya,Delta Systems,Referral,ACTIVE,28.12.2025,,,,,,,
Itai,Biton,itaibiton@gmail.com,0582943405,Rishon Lezion,Acme Ltd,website,ACTIVE,7.11.2025,,,,,,,
Noa,Rosenberg,noa.rosenberg@walla.co.il,0,Jerusalem,Acme Ltd.,Event,ACTIVE,5.10.2025,,,,,,,
Michal,Malka,michalmalka@walla.co.il,0578863381,Netanya,Acme Ltd,REFERRAL,ACTIVE,23.11.2025,,,,,,,
Tal,Elbaz,talelbaz@hotmail.com,0555664389,Netanya,Globex Inc,Social Media,CLOSED,23.12.2025,,,,,,,
David,Toledano,david.toledano@outlook.com,0577178606,Haifa,Acme Ltd.,Website,ACTIVE,18.4.2025,,,,,,,
Liat,Katz,liat.katz@hotmail.com,0,Holon,Acme Ltd.,Event,ACTIVE,22.12.2025,,,,,,,
David,Katz,david.katz@yahoo.com,0575327583,Netanya,Acme Ltd.,,ACTIVE,22.10.2025,,,,,,,
Ron,Mizrahi,rmizrahi@yahoo.com,07561049,Herzliya,,website,ACTIVE,7.8.2025,,,,,,,
Liat,Gabai,liatgabai@yahoo.com,0557472052,Haifa,Delta Systems,website,ACTIVE,14.10.2025,,,,,,,
Rachel,Biton,rachelbiton@walla.co.il,0519728627,Herzliya,N/A,Event,ACTIVE,20.5.2025,,,,,,,
Sarah,Dahan,sarahdahan@hotmail.com,0525072928,Haifa,Acme Ltd,Social Media,IN PROGRESS,24.3.2025,,,,,,,
David,Gabai,dgabai@yahoo.com,0598414555,Jerusalem,,Website,ACTIVE,7.4.2025,,,,,,,
Ron,Avraham,,0516614969,Haifa,,Cold Call,CLOSED,27.3.2025,,,,,,,
Tamar,Azoulay,tazoulay@gmail.com,0544318855,Tel Aviv,,website,ACTIVE,4.8.2025,,,,,,,
Ron,Katz,ron.katz@yahoo.com,0542658239,Rishon Lezion,Globex Inc,Referral,ACTIVE,5.12.2025,,,,,,,
Avi,Friedman,avi.friedman@outlook.com,0522568295,Petah Tikva,Sela Group,Event,ACTIVE,10.4.2025,,,,,,,
Rachel,Amar,rachel.amar@outlook.com,03915797,Holon,Delta Systems,website,ACTIVE,8.7.2025,,,,,,,
Guy,Rosenberg,guy.rosenberg@gmail.com,07558969,Ramat Gan,,Cold Call,INACTIVE,4.7.2025,,,,,,,
Maya,Shapiro,maya.shapiro@gmail.com,04025957,Netanya,TechCo,Cold Call,ACTIVE,22.10.2025,,,,,,,
Roni,Cohen,ronicohen@yahoo.com,0582742939,Herzliya,Acme Ltd,Social Media,ACTIVE,23.11.2025,,,,,,,
Sarah,Sasson,sarahsasson@walla.co.il,0514503787,Haifa,Delta Systems,Referral,ACTIVE,20.6.2025,,,,,,,
Guy,Katz,guy.katz@outlook.com,0,Beer Sheva,Acme Ltd.,Website,ACTIVE,25.12.2025,,,,,,,
Liat,Dahan,liat.dahan@outlook.com,0558297090,Haifa,Acme Ltd,Cold Call,CLOSED,8.2.2025,,,,,,,
Michal,Mizrahi,michalmizrahi@walla.co.il,04393066,Holon,Acme Ltd.,Social Media,INACTIVE,28.12.2025,,,,,,,
Noa,Dahan,noa.dahan@outlook.com,0565114676,Herzliya,Acme Ltd,Referral,IN PROGRESS,25.1.2025,,,,,,,
Nir,Friedman,nirfriedman@outlook.com,0584860680,Ramat Gan,StartUp Co.,REFERRAL,ACTIVE,7.1.2025,,,,,,,
Gal,Shapiro,gal.shapiro@hotmail.com,0586705306,Rishon Lezion,Acme Ltd.,Event,ACTIVE,23.5.2025,,,,,,,
Ron,Mizrahi,,03552666,Petah Tikva,Acme Ltd,,IN PROGRESS,10.10.2025,,,,,,,
Dor,Cohen,dcohen@walla.co.il,0587632051,Beer Sheva,TechCo,Referral,INACTIVE,23.3.2025,,,,,,,
Shani,Cohen,shani.cohen@hotmail.com,0564143696,Petah Tikva,N/A,Social Media,INACTIVE,7.5.2025,,,,,,,
Rachel,Sasson,rachel.sasson@yahoo.com,08388427,Petah Tikva,StartUp Co.,Cold Call,ACTIVE,28.3.2025,,,,,,,
Sarah,Sasson  ,sarah.sasson@yahoo.com,0568881645,Ramat Gan,Delta Systems,Social Media,ACTIVE,10.1.2025,,,,,,,
Noa,Peretz,noaperetz@yahoo.com,0524450687,Rishon Lezion,,Event,CLOSED,5.1.2025,,,,,,,
Itai,Shapiro  ,itai.shapiro@gmail.com,0592934976,Tel Aviv,N/A,,CLOSED,6.3.2025,,,,,,,
Tal,Cohen,tcohen@yahoo.com,04017931,Ramat Gan,TechCo,Event,ACTIVE,6.11.2025,,,,,,,
Uri,Malka,uri.malka@hotmail.com,0,Ramat Gan,Acme Ltd.,,IN PROGRESS,26.8.2025,,,,,,,
Hila,Mizrahi,hmizrahi@gmail.com,07489869,Haifa,N/A,Event,ACTIVE,22.12.2025,,,,,,,
Avi,Rosenberg,avi.rosenberg@hotmail.com,0572156758,Petah Tikva,,REFERRAL,ACTIVE,19.10.2025,,,,,,,
Ron,Shapiro,ron.shapiro@gmail.com,0589479842,Holon,StartUp Co.,website,ACTIVE,9.1.2025,,,,,,,
Shira,Levi,shira.levi@gmail.com,07023985,Holon,Acme Ltd.,website,ACTIVE,1.3.2025,,,,,,,
Moshe,Toledano,moshe.toledano@hotmail.com,0589203901,Rishon Lezion,Delta Systems,REFERRAL,IN PROGRESS,17.8.2025,,,,,,,
Noa,Toledano,noa.toledano@walla.co.il,09808394,Netanya,TechCo,Website,ACTIVE,16.7.2025,,,,,,,
Noa,Amar,noa.amar@walla.co.il,07515688,Netanya,N/A,website,INACTIVE,4.7.2025,,,,,,,
Yosef,Elbaz,yosef.elbaz@outlook.com,05745786,Herzliya,N/A,Social Media,ACTIVE,18.3.2025,,,,,,,
Sarah,Gabai,sarah.gabai@hotmail.com,06085570,Tel Aviv,Sela Group,Event,ACTIVE,7.1.2025,,,,,,,
Hila,Biton,hbiton@hotmail.com,03498084,Tel Aviv,Acme Ltd,Cold Call,ACTIVE,25.8.2025,,,,,,,
Gal,Cohen,gal.cohen@outlook.com,0595582437,Jerusalem,Acme Ltd.,,ACTIVE,2.1.2025,,,,,,,
Dor,Ben-David,dor.ben-david@walla.co.il,04428100,Haifa,N/A,Website,ACTIVE,26.9.2025,,,,,,,
Shani,Marom,shanimarom@yahoo.com,0513182053,Haifa,StartUp Co.,Referral,IN PROGRESS,14.5.2025,,,,,,,
Tal,Mizrahi,tmizrahi@yahoo.com,01937566,Herzliya,Globex Inc,Event,ACTIVE,23.10.2025,,,,,,,
Yossi,Rosenberg,yossirosenberg@hotmail.com,0554123208,Rishon Lezion,Acme Ltd.,Referral,ACTIVE,1.8.2025,,,,,,,
Shani,Avraham,shaniavraham@walla.co.il,0502306106,Rishon Lezion,,Cold Call,ACTIVE,16.3.2025,,,,,,,
Sarah,Peretz,,0552872865,Herzliya,,,CLOSED,28.12.2025,,,,,,,
David,Cohen,davidcohen@yahoo.com,0557518454,Haifa,Delta Systems,REFERRAL,CLOSED,5.4.2025,,,,,,,
Dana,Peretz,danaperetz@hotmail.com,0504049286,Beer Sheva,,Referral,CLOSED,6.7.2025,,,,,,,
Yael,Malka,yael.malka@hotmail.com,0597611347,,TechCo,website,INACTIVE,27.7.2025,,,,,,,
Gal,Gabai,gal.gabai@gmail.com,0,Haifa,StartUp Co.,Referral,ACTIVE,12.3.2025,,,,,,,
Ron,Katz,ronkatz@yahoo.com,0,Beer Sheva,Acme Ltd.,Event,IN PROGRESS,22.5.2025,,,,,,,
Omer,Azoulay,oazoulay@yahoo.com,03239993,Herzliya,Delta Systems,Event,CLOSED,22.4.2025,,,,,,,
Ron,Azoulay,razoulay@outlook.com,0585824408,Tel Aviv,Globex Inc,REFERRAL,IN PROGRESS,8.11.2025,,,,,,,
Gal,Katz,galkatz@walla.co.il,09229742,Petah Tikva,StartUp Co.,Website,CLOSED,5.1.2025,,,,,,,
Rachel,Toledano,rtoledano@walla.co.il,0574062293,Ramat Gan,Delta Systems,Cold Call,ACTIVE,25.2.2025,,,,,,,
Moshe,Katz,moshekatz@outlook.com,08483458,Netanya,,Referral,ACTIVE,1.5.2025,,,,,,,
David,Dahan,ddahan@yahoo.com,0588142816,Beer Sheva,Acme Ltd,REFERRAL,ACTIVE,9.7.2025,,,,,,,
Omer,Mizrahi,omizrahi@walla.co.il,01654820,Ramat Gan,Acme Ltd.,Cold Call,ACTIVE,8.7.2025,,,,,,,
Shani,Toledano,shani.toledano@outlook.com,03728019,Tel Aviv,,Referral,IN PROGRESS,26.2.2025,,,,,,,
Tal,Mizrahi,talmizrahi@yahoo.com,0527064832,Netanya,Sela Group,Cold Call,ACTIVE,3.10.2025,,,,,,,
Roni,Gabai,roni.gabai@walla.co.il,0563814647,Haifa,Acme Ltd,,CLOSED,28.7.2025,,,,,,,
Sarah,Shapiro,sarahshapiro@walla.co.il,06280713,Jerusalem,Acme Ltd,Event,ACTIVE,19.3.2025,,,,,,,
Uri,Rosenberg,urosenberg@hotmail.com,0553218589,Rishon Lezion,N/A,Social Media,CLOSED,3.3.2025,,,,,,,
,,,,,,,,,,,,,,,